ex10a,1,C#,Ab,C#,,,,,C#_m
ex10a,2,C#,C#,,,,,,C#_m
ex10a,3,C#,E,C#,,,,,C#_m
ex10a,4,C#,Ab,C#,,,,,C#_m
ex10a,5,C#,C#,,,,,,C#_m
ex10a,6,C#,E,C#,,,,,C#_m
ex10a,7,C#,Ab,C#,,,,,C#_m
ex10a,8,C#,C#,,,,,,C#_m
ex10a,9,C#,E,C#,,,,,C#_m
ex10a,10,C#,Ab,C#,,,,,C#_m
ex10a,11,C#,C#,,,,,,C#_m
ex10a,12,C#,E,C#,,,,,C#_m
ex10a,13,Ab,B,B,,,,,C#_V
ex10a,14,C#,B,B,,,,,C#_V
ex10a,15,E,B,B,,,,,C#_V
ex10a,16,Ab,B,B,,,,,C#_V
ex10a,17,C#,B,B,,,,,C#_V
ex10a,18,E,B,B,,,,,C#_V
ex10a,19,Ab,B,B,,,,,C#_V
ex10a,20,C#,B,B,,,,,C#_V
ex10a,21,E,B,B,,,,,C#_V
ex10a,22,Ab,B,B,,,,,C#_V
ex10a,23,C#,B,B,,,,,C#_V
ex10a,24,E,B,B,,,,,C#_V
ex10a,25,A,A,,,,,,A_M
ex10a,26,C#,A,A,,,,,A_M
ex10a,27,E,A,A,,,,,A_M
ex10a,28,A,A,,,,,,A_M
ex10a,29,C#,A,A,,,,,A_M
ex10a,30,E,A,A,,,,,A_M
ex10a,31,F#,A,F#,,,,,D_M
ex10a,32,D,F#,F#,,,,,D_M
ex10a,33,F#,F#,,,,,,D_M
ex10a,34,F#,A,F#,,,,,D_M
ex10a,35,D,F#,F#,,,,,D_M
ex10a,36,F#,F#,,,,,,D_M
ex10a,37,Ab,Ab,,,,,,G#_V
ex10a,38,C,Ab,Ab,,,,,G#_V
ex10a,39,F#,Ab,Ab,,,,,G#_V
ex10a,40,Ab,Ab,,,,,,C#_m
ex10a,41,C#,Ab,Ab,,,,,C#_m
ex10a,42,E,Ab,Ab,,,,,C#_m
ex10a,43,Ab,Ab,,,,,,G#_V
ex10a,44,C#,Ab,Ab,,,,,G#_V
ex10a,45,Eb,Ab,Ab,,,,,G#_V
ex10a,46,F#,Ab,Ab,,,,,G#_V
ex10a,47,C,Ab,Ab,,,,,G#_V
ex10a,48,Eb,Ab,Ab,,,,,G#_V
ex10a,49,C#,E,Ab,C#,,,,C#_m
ex10a,50,C#,Ab,C#,,,,,C#_m
ex10a,51,C#,Ab,C#,,,,,C#_m
ex10a,52,C#,Ab,C#,,,,,C#_m
ex10a,53,C#,Ab,C#,,,,,C#_m
ex10a,54,C#,E,Ab,C#,,,,C#_m
ex10a,55,C#,Ab,C#,,,,,C#_m
ex10a,56,C#,Ab,C#,,,,,C#_m
ex10a,57,C#,E,Ab,C#,,,,C#_m
ex10a,58,C#,Ab,C#,,,,,C#_m
ex10a,59,C#,Ab,C#,,,,,C#_m
ex10a,60,C#,E,Ab,C#,,,,C#_m
ex10a,61,C#,E,Ab,C#,,,,C#_m
ex10a,62,C,Ab,C,,,,,G#_V
ex10a,63,C,Eb,Ab,C,,,,G#_V
ex10a,64,C,F#,Ab,C,,,,G#_V
ex10a,65,C,Ab,C,,,,,G#_V
ex10a,66,C,Eb,Ab,C,,,,G#_V
ex10a,67,C,F#,Ab,C,,,,G#_V
ex10a,68,C,Ab,C,,,,,G#_V
ex10a,69,C,Eb,Ab,C,,,,G#_V
ex10a,70,C,F#,Ab,C,,,,G#_V
ex10a,71,C,Ab,C,,,,,G#_V
ex10a,72,C,Eb,Ab,C,,,,G#_V
ex10a,73,C,F#,Ab,C,,,,G#_V
ex10a,74,C,F#,Ab,C,,,,G#_V
ex10a,75,C#,Ab,C#,,,,,C#_m
ex10a,76,C#,Ab,C#,,,,,C#_m
ex10a,77,C#,E,Ab,C#,,,,C#_m
ex10a,78,C#,Ab,C#,,,,,C#_m
ex10a,79,C#,Ab,C#,,,,,C#_m
ex10a,80,C#,E,Ab,C#,,,,C#_m
ex10a,81,F#,A,F#,,,,,F#_m
ex10a,82,C#,F#,A,F#,,,,F#_m
ex10a,83,F#,A,F#,,,,,F#_m
ex10a,84,F#,A,F#,,,,,F#_m
ex10a,85,C#,F#,A,F#,,,,F#_m
ex10a,86,F#,A,F#,,,,,F#_m
ex10a,87,Ab,B,B,,,,,E_M
ex10a,88,Ab,B,B,,,,,E_M
ex10a,89,E,Ab,B,B,,,,E_M
ex10a,90,Ab,B,B,,,,,E_M
ex10a,91,Ab,B,B,,,,,E_M
ex10a,92,E,Ab,B,B,,,,E_M
ex10a,93,F#,A,B,B,,,,B_V
ex10a,94,F#,B,B,,,,,B_V
ex10a,95,Eb,F#,B,B,,,,B_V
ex10a,96,A,B,B,,,,,B_V
ex10a,97,B,B,,,,,,B_V
ex10a,98,Eb,B,B,,,,,B_V
ex10a,99,E,Ab,E,,,,,E_M
ex10a,100,E,B,E,,,,,E_M
ex10a,101,E,E,,,,,,E_M
ex10a,102,E,Ab,E,,,,,E_M
ex10a,103,E,B,E,,,,,E_M
ex10a,104,E,E,,,,,,E_M
ex10a,105,E,Ab,E,,,,,E_M
ex10a,106,E,B,E,,,,,E_M
ex10a,107,E,E,,,,,,E_M
ex10a,108,E,Ab,E,,,,,E_M
ex10a,109,E,B,E,,,,,E_M
ex10a,110,E,E,,,,,,E_M
ex11a,1,F,F,,,,,,Db_M
ex11a,2,F,Ab,F,,,,,Db_M
ex11a,3,C#,F,Ab,F,,,,Db_M
ex11a,4,C#,F,Ab,C#,,,,Db_M
ex11a,5,C#,F,Ab,C#,,,,Db_M
ex11a,6,C,C#,F,Ab,C#,,,Db_M
ex11a,7,C#,F,Ab,Bb,C#,,,Db_M
ex11a,8,Eb,F#,Ab,Eb,,,,Ab_V
ex11a,9,Eb,F#,Ab,Bb,Eb,,,Ab_V
ex11a,10,C,Eb,F#,Ab,Eb,,,Ab_V
ex11a,11,C#,F,Ab,C#,,,,Db_M
ex11a,12,C#,Eb,F,Ab,C#,,,Db_M
ex11a,13,C#,F,Ab,C#,,,,Db_M
ex11a,14,C,Eb,F#,Ab,C,,,Ab_V
ex11a,15,C#,F,Ab,C#,,,,Db_M
ex11a,16,C,C#,F,Ab,C#,,,Db_M
ex11a,17,C#,F,Ab,Bb,C#,,,Db_M
ex11a,18,Eb,F#,Ab,Eb,,,,Ab_V
ex11a,19,Eb,F#,Ab,Bb,Eb,,,Ab_V
ex11a,20,C,Eb,F#,Ab,Eb,,,Ab_V
ex11a,21,C#,F,Ab,C#,,,,Db_M
ex11a,22,C#,Eb,F,Ab,C#,,,Db_M
ex11a,23,C#,F,Ab,C#,,,,Db_M
ex11a,24,C,F,Ab,Ab,,,,Ab_M
ex11a,25,C,Eb,Ab,Ab,,,,Ab_M
ex11a,26,Eb,F#,Bb,F#,,,,Eb_m
ex11a,27,Eb,F,A,F,,,,F_V
ex11a,28,C,F,A,F,,,,F_V
ex11a,29,C#,F,Bb,Bb,,,,Bb_m
ex11a,30,C#,Bb,Bb,,,,,Bb_m
ex11a,31,C#,Bb,Bb,,,,,Bb_m
ex11a,32,D,F,Bb,D,,,,Bb_M
ex11a,33,D,F,Bb,D,,,,Bb_M
ex11a,34,Eb,F#,Bb,Eb,,,,Eb_m
ex11a,35,Eb,F#,Bb,Eb,,,,Eb_m
ex11a,36,Eb,F#,Bb,Eb,,,,Eb_m
ex11a,37,C,Eb,F#,Ab,C,,,Ab_V
ex11a,38,C,Eb,Ab,C,,,,Ab_V
ex11a,39,C#,F,Ab,C#,,,,Db_M
ex11a,40,C#,F,Ab,C#,,,,Db_M
ex11a,41,C#,F,Ab,F,,,,Db_M
ex11a,42,C#,F,Ab,Ab,,,,Db_M
ex11a,43,C#,F,Ab,Ab,,,,Db_M
ex11a,44,C,Eb,F#,Ab,Ab,,,Ab_V
ex11a,45,C#,F,Ab,C#,,,,Db_M
ex11a,46,C#,F,Ab,F,,,,Db_M
ex13a,1,E,Ab,E,,,,,E_M
ex13a,2,E,Ab,E,,,,,E_M
ex13a,3,Eb,E,Ab,Eb,,,,E_M
ex13a,4,E,Ab,E,,,,,E_M
ex13a,5,Eb,E,Ab,Eb,,,,E_M7
ex13a,6,C#,E,Ab,C#,,,,C#_m
ex13a,7,C#,E,Ab,C#,,,,C#_m
ex13a,8,Eb,E,Ab,B,B,,,C#_m
ex13a,9,C#,E,A,A,,,,A_M
ex13a,10,C#,A,A,,,,,A_M
ex13a,11,C#,E,Ab,A,A,,,A_M7
ex13a,12,Eb,F#,B,B,,,,B_M
ex13a,13,Eb,A,B,A,,,,B_V
ex13a,14,E,Ab,B,Ab,,,,E_M
ex13a,15,Eb,E,Ab,B,Ab,,,E_M7
ex13a,16,C#,E,A,A,,,,A_M
ex13a,17,E,F#,B,B,,,,B_M
ex13a,18,C#,F#,B,B,,,,B_M
ex13a,19,C,Eb,F#,A,C,,,C_d7
ex13a,20,C#,E,Ab,C#,,,,C#_m
ex13a,21,C#,E,Ab,Bb,Bb,,,A#_hd7
ex13a,22,Eb,Ab,B,B,,,,B_M
ex13a,23,Eb,F#,A,B,A,,,B_V
ex13a,24,E,Ab,B,E,,,,E_M
ex19a,1,Ab,Ab,,,,,,E_M
ex19a,2,E,Ab,B,E,,,,E_M
ex19a,3,A,B,B,,,,,B_V
ex19a,4,A,B,B,,,,,B_V
ex19a,5,Ab,A,B,B,,,,B_V
ex19a,6,F#,A,B,B,,,,B_V
ex19a,7,E,Ab,E,,,,,E_M
ex19a,8,E,Ab,B,E,,,,E_M
ex19a,9,E,E,,,,,,E_M
ex19a,10,C#,C#,,,,,,A_M
ex19a,11,C#,E,A,A,,,,A_M
ex19a,12,E,Ab,B,Ab,,,,E_M
ex19a,13,Eb,E,Ab,Ab,,,,E_M
ex19a,14,E,Ab,Ab,,,,,E_M
ex19a,15,E,Ab,Ab,,,,,E_M
ex19a,16,E,F#,B,F#,,,,F#_m7
ex19a,17,Eb,F#,B,F#,,,,B_M
ex19a,18,Eb,F#,A,F#,,,,B_M
ex19a,19,E,Ab,E,,,,,E_M
ex19a,20,Ab,Ab,,,,,,E_M
ex19a,21,E,Ab,B,E,,,,E_M
ex19a,22,E,Bb,B,E,,,,E_M
ex19a,23,Eb,B,Eb,,,,,B_M
ex19a,24,Eb,Bb,B,Eb,,,,B_M
ex19a,25,Eb,Ab,B,Eb,,,,B_M
ex19a,26,Eb,F#,B,Eb,,,,B_M
ex19a,27,C#,E,B,C#,,,,C#_m7
ex19a,28,C#,E,Bb,C#,,,,A#_d
ex19a,29,Eb,B,B,,,,,B_M
ex19a,30,C,E,Ab,E,,,,C#_m
ex19a,31,C#,E,Ab,E,,,,C#_m
ex19a,32,E,Ab,E,,,,,C#_m
ex19a,33,E,Ab,E,,,,,C#_m
ex19a,34,Eb,F#,B,F#,,,,B_M
ex19a,35,C#,E,F#,Bb,F#,,,F#_V
ex19a,36,E,Bb,B,B,,,,B_M
ex19a,37,E,F#,Bb,F#,,,,B_M
ex19a,38,Eb,B,B,,,,,B_M
ex1a,1,D,G,B,G,,,,G_M
ex1a,2,D,G,B,G,,,,G_M
ex1a,3,D,G,A,B,G,,,G_M
ex1a,4,A,B,A,,,,,G_M
ex1a,5,C,A,A,,,,,G_M
ex1a,6,D,B,B,,,,,G_M
ex1a,7,G,B,B,,,,,G_M
ex1a,8,G,B,B,,,,,G_M
ex1a,9,C,E,C,,,,,C_M
ex1a,10,C,C,,,,,,C_M
ex1a,11,C,D,C,,,,,C_M
ex1a,12,C,E,C,,,,,C_M
ex1a,13,C,F#,C,,,,,C_M
ex1a,14,G,B,B,,,,,G_M
ex1a,15,G,B,B,,,,,G_M
ex1a,16,G,B,B,,,,,G_M
ex1a,17,C,A,A,,,,,F#_d
ex1a,18,D,A,A,,,,,F#_d
ex1a,19,C,A,A,,,,,F#_d
ex1a,20,A,B,A,,,,,F#_d
ex1a,21,A,A,,,,,,F#_d
ex1a,22,G,B,G,,,,,G_M
ex1a,23,C,G,G,,,,,G_M
ex1a,24,G,B,G,,,,,G_M
ex1a,25,G,A,G,,,,,G_M
ex1a,26,G,G,,,,,,G_M
ex1a,27,D,F#,D,,,,,D_M
ex1a,28,G,B,B,,,,,G_M
ex1a,29,A,B,B,,,,,G_M
ex1a,30,G,B,G,,,,,G_M
ex1a,31,G,G,,,,,,G_M
ex1a,32,D,A,D,,,,,D_M
ex1a,33,D,A,D,,,,,D_M
ex1a,34,C,A,C,,,,,D_M
ex1a,35,A,B,B,,,,,D_M
ex1a,36,A,A,,,,,,D_M
ex1a,37,D,B,B,,,,,G_M
ex1a,38,G,B,B,,,,,G_M
ex1a,39,A,B,B,,,,,G_M
ex1a,40,A,B,A,,,,,G_M
ex1a,41,C,A,A,,,,,G_M
ex1a,42,D,G,G,,,,,G_M
ex1a,43,G,B,B,,,,,G_M
ex1a,44,G,G,,,,,,G_M
ex1a,45,C,E,C,,,,,C_M
ex1a,46,C,C,,,,,,C_M
ex1a,47,C,D,C,,,,,C_M
ex1a,48,C,E,C,,,,,C_M
ex1a,49,C,F#,C,,,,,C_M
ex1a,50,G,B,B,,,,,G_M
ex1a,51,C,G,C,,,,,G_M
ex1a,52,G,B,B,,,,,G_M
ex1a,53,G,A,A,,,,,G_M
ex1a,54,G,G,,,,,,G_M
ex1a,55,C,A,A,,,,,F#_d
ex1a,56,D,A,A,,,,,F#_d
ex1a,57,C,A,A,,,,,F#_d
ex1a,58,F#,B,F#,,,,,F#_d
ex1a,59,F#,A,F#,,,,,F#_d
ex1a,60,G,B,G,,,,,G_M
ex1a,61,C,G,G,,,,,G_M
ex1a,62,G,B,G,,,,,G_M
ex1a,63,A,B,B,,,,,G_M
ex1a,64,G,B,B,,,,,G_M
ex1a,65,C,A,C,,,,,A_m
ex1a,66,D,B,D,,,,,D_M
ex1a,67,D,A,D,,,,,D_M
ex1a,68,D,G,D,,,,,D_M
ex1a,69,D,F#,D,,,,,D_M
ex1a,70,G,G,,,,,,G_M
ex1a,71,G,G,,,,,,G_M
ex21a,1,D,D,,,,,,D_M
ex21a,2,D,D,,,,,,D_M
ex21a,3,D,D,,,,,,D_M
ex21a,4,D,D,,,,,,D_M
ex21a,5,C#,D,G,A,D,,,A_V
ex21a,6,D,F#,A,D,,,,D_M
ex21a,7,C#,D,G,B,D,,,C#_hd7
ex21a,8,D,F#,A,D,,,,D_M
ex21a,9,D,F#,D,,,,,D_M
ex21a,10,D,F#,D,,,,,D_M
ex21a,11,C#,D,A,D,,,,D_M
ex21a,12,D,G,B,D,,,,D_M
ex21a,13,D,F#,A,D,,,,D_M
ex21a,14,D,G,B,D,,,,D_M
ex21a,15,D,F#,A,D,,,,D_M
ex21a,16,E,E,,,,,,E_m
ex21a,17,E,E,,,,,,E_m
ex21a,18,E,E,,,,,,E_m
ex21a,19,E,E,,,,,,E_m
ex21a,20,E,G,E,,,,,E_m
ex21a,21,D,E,G,B,D,,,E_m7
ex21a,22,C#,E,G,A,C#,,,A_V
ex21a,23,C#,E,A,C#,,,,A_V
ex21a,24,D,F#,A,D,,,,D_M
ex21a,25,F#,G,A,B,G,,,E_m
ex21a,26,G,B,G,,,,,E_m
ex21a,27,E,G,B,G,,,,E_m
ex21a,28,D,F#,A,A,,,,D_M
ex21a,29,C#,G,A,A,,,,A_V
ex21a,30,C#,E,G,A,A,,,A_V
ex21a,31,D,F#,B,B,,,,B_m
ex22a,1,D,D,,,,,,N
ex22a,2,F#,F#,,,,,,D_M
ex22a,3,D,F#,A,D,,,,D_M
ex22a,4,D,F#,A,D,,,,D_M
ex22a,5,C#,D,F#,A,D,,,D_M
ex22a,6,D,F#,A,D,,,,D_M
ex22a,7,D,F#,A,D,,,,D_M
ex22a,8,D,F#,A,D,,,,D_M
ex22a,9,D,F#,A,D,,,,D_M
ex22a,10,D,F#,A,D,,,,D_M
ex22a,11,D,F#,A,D,,,,A_V
ex22a,12,C#,G,A,C#,,,,A_V
ex22a,13,C#,G,A,C#,,,,A_V
ex22a,14,C#,G,A,C#,,,,A_V
ex22a,15,C#,F#,G,A,C#,,,A_V
ex22a,16,C#,F#,G,A,C#,,,A_V
ex22a,17,C#,E,G,A,C#,,,A_V
ex22a,18,C#,E,G,B,C#,,,A_V
ex22a,19,C#,F#,G,B,C#,,,A_V
ex22a,20,C#,E,G,A,C#,,,A_V
ex22a,21,C#,E,F#,A,C#,,,A_V
ex22a,22,C#,E,G,A,C#,,,A_V
ex22a,23,C#,E,A,C#,,,,A_V
ex22a,24,D,F#,D,,,,,D_M
ex22a,25,D,F#,A,D,,,,D_M
ex22a,26,D,F#,A,F#,,,,D_M
ex22a,27,D,F#,A,A,,,,D_M
ex22a,28,C#,D,F#,A,C#,,,D_M
ex22a,29,D,F#,A,D,,,,D_M
ex22a,30,D,F#,A,A,,,,D_M
ex22a,31,D,F#,A,F#,,,,D_M
ex22a,32,D,F#,A,D,,,,A_V
ex22a,33,C#,E,G,A,C#,,,A_V
ex22a,34,D,E,G,A,D,,,A_V
ex22a,35,E,G,A,E,,,,A_V
ex22a,36,E,F#,G,A,F#,,,A_V
ex22a,37,E,G,A,G,,,,A_V
ex22a,38,E,F#,G,A,F#,,,A_V
ex22a,39,E,G,A,B,A,,,A_V
ex22a,40,E,G,B,G,,,,A_V
ex22a,41,E,G,A,B,B,,,A_V
ex22a,42,E,G,A,A,,,,A_V
ex22a,43,C#,E,G,A,C#,,,A_V
ex22a,44,E,G,A,A,,,,D_M
ex22a,45,D,F#,D,,,,,D_M
ex22a,46,D,F#,A,D,,,,D_M
ex22a,47,D,F#,A,D,,,,D_M
ex22a,48,C#,D,F#,A,D,,,D_M
ex22a,49,D,F#,A,D,,,,D_M
ex22a,50,D,F#,A,F#,,,,D_M
ex22a,51,D,F#,A,F#,,,,D_M
ex22a,52,D,F#,A,F#,,,,D_M
ex22a,53,D,F#,A,F#,,,,G_M
ex22a,54,D,G,A,B,G,,,G_M
ex22a,55,D,G,B,G,,,,G_M
ex22a,56,D,F#,G,B,G,,,G_M
ex22a,57,E,G,B,G,,,,G_M
ex22a,58,D,G,B,G,,,,A_M
ex22a,59,C#,E,A,A,,,,A_M
ex22a,60,E,A,B,A,,,,A_M
ex22a,61,E,A,A,,,,,A_M
ex22a,62,E,G,A,A,,,,A_M
ex22a,63,C#,F#,A,A,,,,A_M
ex22a,64,C#,E,A,A,,,,G_M
ex22a,65,D,B,B,,,,,G_M
ex22a,66,D,G,B,B,,,,G_M
ex22a,67,D,G,B,B,,,,G_M
ex22a,68,C#,G,A,A,,,,F#_m
ex22a,69,C#,F#,A,A,,,,F#_m
ex22a,70,E,G,B,G,,,,E_m
ex22a,71,E,G,G,,,,,E_m
ex22a,72,E,G,B,G,,,,E_m
ex22a,73,D,E,G,B,G,,,E_m
ex22a,74,C#,E,G,B,G,,,C#_hd7
ex22a,75,D,F#,B,F#,,,,D_M
ex22a,76,D,F#,A,F#,,,,D_M
ex22a,77,D,F#,F#,,,,,D_M
ex22a,78,C#,D,F#,F#,,,,D_M
ex22a,79,E,E,,,,,,D_M
ex22a,80,D,D,,,,,,D_M
ex22a,81,F#,F#,,,,,,D_M
ex22a,82,E,E,,,,,,D_M
ex22a,83,D,F#,G,A,F#,,,D_M
ex22a,84,D,F#,A,F#,,,,D_M
ex22a,85,D,F#,A,B,F#,,,D_M
ex22a,86,D,F#,A,F#,,,,D_M
ex22a,87,D,F#,A,F#,,,,D_M
ex22a,88,C#,D,F#,A,F#,,,D_M
ex22a,89,D,F#,A,F#,,,,D_M
ex22a,90,C#,D,F#,A,F#,,,D_M
ex22a,91,D,D,,,,,,D_M
ex22a,92,C#,C#,,,,,,D_M
ex22a,93,D,D,,,,,,D_M
ex22a,94,C#,C#,,,,,,D_M
ex22a,95,D,F#,F#,,,,,D_M
ex22a,96,D,F#,B,F#,,,,D_M
ex22a,97,C,D,F#,F#,,,,D_M
ex22a,98,D,F#,Bb,F#,,,,G_M
ex22a,99,D,G,B,G,,,,G_M
ex22a,100,D,G,Bb,G,,,,G_M
ex22a,101,D,G,B,G,,,,G_M
ex22a,102,D,G,Bb,G,,,,G_M
ex22a,103,Eb,B,Eb,,,,,G_M
ex22a,104,Eb,Bb,Eb,,,,,G_M
ex22a,105,Eb,B,Eb,,,,,G_M
ex22a,106,Eb,Bb,Eb,,,,,E_m
ex22a,107,E,G,B,G,,,,E_m
ex22a,108,E,F#,G,G,,,,E_m
ex22a,109,E,G,G,,,,,E_m
ex22a,110,E,G,G,,,,,D_M
ex22a,111,D,F#,A,A,,,,D_M
ex22a,112,F#,A,A,,,,,D_M
ex22a,113,F#,A,A,,,,,D_M
ex22a,114,D,F#,A,A,,,,D_M
ex22a,115,A,A,,,,,,D_M
ex22a,116,F#,F#,,,,,,D_M
ex22a,117,D,D,,,,,,D_M
ex22a,118,C#,C#,,,,,,D_M
ex22a,119,D,F#,A,A,,,,D_M
ex22a,120,F#,A,A,,,,,D_M
ex22a,121,F#,A,A,,,,,D_M
ex22a,122,D,A,A,,,,,D_M
ex22a,123,C#,E,G,A,A,,,A_V
ex22a,124,C#,E,F#,A,A,,,A_V
ex22a,125,C#,E,A,A,,,,A_V
ex22a,126,C#,D,E,A,A,,,A_V
ex22a,127,C#,E,A,A,,,,A_V
ex22a,128,C#,E,A,B,A,,,A_V
ex22a,129,C#,E,A,A,,,,A_V
ex22a,130,C#,E,G,A,A,,,A_V
ex22a,131,C#,E,F#,A,A,,,A_V
ex22a,132,C#,E,A,A,,,,A_V
ex22a,133,C#,E,F#,A,A,,,A_V
ex22a,134,C#,E,G,A,A,,,D_M
ex22a,135,D,F#,D,,,,,D_M
ex22a,136,D,F#,F#,,,,,D_M
ex22a,137,D,F#,A,A,,,,D_M
ex22a,138,D,F#,D,,,,,D_M
ex22a,139,D,F#,F#,,,,,D_M
ex22a,140,D,D,,,,,,D_M
ex22a,141,D,A,A,,,,,D_M
ex22a,142,D,F#,F#,,,,,D_M
ex24a,1,D,F,Bb,Bb,,,,Bb_M
ex24a,2,C,Eb,F,A,C,,,F_V
ex24a,3,D,F,Bb,Bb,,,,Bb_M
ex24a,4,C,F,A,A,,,,F_V
ex24a,5,C,D,F,A,A,,,F_V
ex24a,6,C,Eb,F,A,A,,,F_V
ex24a,7,D,F,Bb,Bb,,,,Bb_M
ex24a,8,D,Eb,G,Bb,Eb,,,Eb_M7
ex24a,9,D,Eb,G,B,Eb,,,Eb_M7
ex24a,10,C,Eb,G,Eb,,,,C_m6
ex24a,11,C,E,G,Bb,E,,,C_V
ex24a,12,C,F,G,Bb,F,,,F_M
ex24a,13,F,A,F,,,,,F_M
ex24a,14,Eb,F,G,Eb,,,,F_M
ex24a,15,D,F,D,,,,,F_M
ex24a,16,C,A,C,,,,,F_M
ex24a,17,C#,F,Bb,Bb,,,,Bb_m
ex24a,18,C,Eb,F,A,C,,,F_V
ex24a,19,C#,F,Bb,C#,,,,Bb_m
ex24a,20,Eb,F#,B,Eb,,,,B_M
ex24a,21,C#,Eb,F#,B,Eb,,,B_M
ex24a,22,Eb,F#,B,Eb,,,,B_M
ex24a,23,C#,E,Ab,B,E,,,C#_m7
ex24a,24,Eb,E,F#,Bb,E,,,C#_m7
ex24a,25,E,Ab,E,,,,,C#_m7
ex24a,26,C#,E,Bb,E,,,,A#_d
ex24a,27,Eb,F#,B,F#,,,,B_M
ex24a,28,E,F#,B,F#,,,,B_M
ex24a,29,F#,B,F#,,,,,B_M
ex24a,30,Eb,F#,B,F#,,,,B_M
ex24a,31,C#,E,F#,Bb,F#,,,F#_V
ex24a,32,Eb,B,B,,,,,B_M
ex24a,33,B,B,,,,,,B_M
ex25a,1,F,A,F,,,,,F_M
ex25a,2,C,F,A,F,,,,F_M
ex25a,3,C,C,,,,,,F_M
ex25a,4,C,C,,,,,,F_M
ex25a,5,C,D,G,Bb,Bb,,,G_m
ex25a,6,D,G,Bb,Bb,,,,G_m
ex25a,7,A,A,,,,,,G_m
ex25a,8,G,G,,,,,,G_m
ex25a,9,C,F,A,C,,,,F_M
ex25a,10,C,F,A,C,,,,F_M
ex25a,11,F,F,,,,,,F_M
ex25a,12,F,F,,,,,,F_M
ex25a,13,C,E,F,G,Bb,Bb,,C_V
ex25a,14,C,E,G,Bb,Bb,,,C_V
ex25a,15,D,D,,,,,,C_V
ex25a,16,C,C,,,,,,C_V
ex25a,17,C,A,A,,,,,F_M
ex25a,18,C,A,A,,,,,F_M
ex25a,19,C,E,A,E,,,,F_M
ex25a,20,C,F,A,F,,,,F_M
ex25a,21,C,A,Bb,Bb,,,,G_m
ex25a,22,G,Bb,Bb,,,,,G_m
ex25a,23,C,F#,A,C,,,,G_m
ex25a,24,G,Bb,Bb,,,,,G_m
ex25a,25,C,F,A,C,,,,F_M
ex25a,26,C,F,A,C,,,,F_M
ex25a,27,F,Ab,A,Ab,,,,F_M
ex25a,28,F,A,A,,,,,F_M
ex25a,29,F,A,Bb,Bb,,,,C_V
ex25a,30,E,G,Bb,Bb,,,,C_V
ex25a,31,D,F,F,,,,,C_V
ex25a,32,C,E,E,,,,,C_V
ex25a,33,C,F,A,A,,,,F_M
ex25a,34,C,F,A,A,,,,F_M
ex25a,35,C,F,F,,,,,F_M
ex25a,36,C,F,F,,,,,F_M
ex25a,37,C,Eb,F,A,A,,,F_V
ex25a,38,C,Eb,F,A,A,,,F_V
ex25a,39,C,Eb,F,A,A,,,F_V
ex25a,40,C,Eb,F,A,A,,,F_V
ex25a,41,D,F,Bb,Bb,,,,Bb_M
ex25a,42,D,F,Bb,Bb,,,,Bb_M
ex25a,43,D,F,Bb,Bb,,,,Bb_M
ex25a,44,D,F,Bb,Bb,,,,Bb_M
ex25a,45,D,F,G,B,B,,,G_V
ex25a,46,D,F,G,B,B,,,G_V
ex25a,47,D,F,G,D,,,,G_V
ex25a,48,D,F,G,D,,,,G_V
ex25a,49,C,C,,,,,,F_M
ex25a,50,C,F,A,C,,,,F_M
ex25a,51,C,F,A,C,,,,F_M
ex25a,52,C,F,A,C,,,,F_M
ex25a,53,C,E,G,Bb,Bb,,,C_V
ex25a,54,C,E,G,Bb,Bb,,,C_V
ex25a,55,C,E,G,G,,,,C_V
ex25a,56,C,E,F,G,F,,,C_V
ex25a,57,C,E,G,G,,,,F_M
ex25a,58,F,A,A,,,,,F_M
ex25a,59,A,A,,,,,,F_M
ex25a,60,C,F,A,A,,,,F_M
ex25a,61,C,F,A,A,,,,F_M
ex25a,62,C,F,A,A,,,,F_M
ex25a,63,C,F,A,A,,,,F_M
ex25a,64,C,F,A,A,,,,F_M
ex25a,65,C,F,A,A,,,,F_M
ex25a,66,C#,F,A,A,,,,F_M
ex25a,67,C#,F,A,A,,,,F_M
ex25a,68,D,F,Bb,Bb,,,,Bb_M
ex25a,69,D,Bb,Bb,,,,,Bb_M
ex25a,70,C,E,C,,,,,Bb_M
ex25a,71,D,F,D,,,,,Bb_M
ex25a,72,C,C,,,,,,F_M
ex25a,73,C,F,A,C,,,,F_M
ex25a,74,C,F,A,C,,,,F_M
ex25a,75,C,F,A,C,,,,F_M
ex25a,76,C,F,A,C,,,,F_M
ex25a,77,C,D,F,A,C,,,F_M
ex25a,78,C,F,A,C,,,,F_M
ex25a,79,C,F,A,Bb,Bb,,,F_M
ex25a,80,C,F,A,A,,,,F_M
ex25a,81,C,F,G,A,G,,,F_M
ex25a,82,C,F,A,F,,,,C_V
ex25a,83,C,F,G,C,,,,C_V
ex25a,84,C,F,G,C,,,,C_V
ex25a,85,C,F,G,G,,,,C_V
ex25a,86,C,F,G,G,,,,C_V
ex25a,87,C,E,G,Bb,C,,,C_V
ex25a,88,C,E,G,Bb,C,,,C_V
ex25a,89,C,E,G,Bb,G,,,C_V
ex25a,90,C,E,G,Bb,G,,,C_V
ex25a,91,F,A,F,,,,,F_M
ex25a,92,F,A,F,,,,,F_M
ex25a,93,F,A,F,,,,,F_M
ex25a,94,F,A,F,,,,,F_M
ex25a,95,F,Bb,Bb,,,,,Bb_M
ex25a,96,D,F,Bb,Bb,,,,Bb_M
ex25a,97,D,F,Bb,Bb,,,,Bb_M
ex25a,98,D,F,Bb,Bb,,,,Bb_M
ex25a,99,D,F,A,A,,,,F_M
ex25a,100,C,F,A,A,,,,F_M
ex25a,101,C,F,A,A,,,,F_M
ex25a,102,C,F,A,A,,,,F_M
ex25a,103,C,D,F,D,,,,Bb_M
ex25a,104,D,F,Bb,D,,,,Bb_M
ex25a,105,D,F,Bb,D,,,,Bb_M
ex25a,106,D,F,Bb,D,,,,Bb_M
ex25a,107,C,F,A,C,,,,F_M
ex25a,108,G,G,,,,,,C_M
ex25a,109,F,F,,,,,,C_M
ex25a,110,F,A,F,,,,,F_M
ex25a,111,F,A,F,,,,,F_M
ex25a,112,C,F,A,F,,,,F_M
ex25a,113,C,F,A,F,,,,F_M
ex26a,1,C,E,C,,,,,C_M
ex26a,2,C,E,C,,,,,C_M
ex26a,3,C,E,C,,,,,C_M
ex26a,4,C,E,G,C,,,,C_M
ex26a,5,C,E,C,,,,,C_M
ex26a,6,C,E,G,C,,,,C_M
ex26a,7,C,D,F,C,,,,B_hd7
ex26a,8,C,D,B,C,,,,B_hd7
ex26a,9,C,D,F,C,,,,B_hd7
ex26a,10,C,F,A,C,,,,B_hd7
ex26a,11,C,E,G,C,,,,C_M
ex26a,12,C,E,C,,,,,C_M
ex26a,13,C,E,G,C,,,,C_M
ex26a,14,C,A,A,,,,,F_M
ex26a,15,C,A,A,,,,,F_M
ex26a,16,C,A,C,,,,,F_M
ex26a,17,C,G,B,C,,,,F_M
ex26a,18,F,A,F,,,,,F_M
ex26a,19,F,A,F,,,,,F_M
ex26a,20,C,F,A,C,,,,C_M
ex26a,21,C,E,G,C,,,,C_M
ex26a,22,E,G,B,B,,,,B_d
ex26a,23,D,F,B,B,,,,B_d
ex26a,24,C,D,F,C,,,,C_M
ex26a,25,C,E,C,,,,,C_M
ex26a,26,E,G,G,,,,,C_M
ex26a,27,C,E,G,G,,,,C_M
ex26a,28,D,G,B,G,,,,G_M
ex26a,29,C,E,C,,,,,C_M
ex26a,30,G,G,,,,,,C_M
ex26a,31,C,E,C,,,,,C_M
ex26a,32,G,G,,,,,,C_M
ex26a,33,C,E,G,C,,,,C_M
ex26a,34,C,E,G,C,,,,C_M
ex26a,35,C,E,G,C,,,,C_M
ex26a,36,C,E,G,C,,,,C_M
ex26a,37,C,D,F,B,C,,,B_hd7
ex26a,38,C,D,B,C,,,,B_hd7
ex26a,39,C,D,F,B,C,,,B_hd7
ex26a,40,C,F,A,C,,,,B_hd7
ex26a,41,C,F,A,B,C,,,B_hd7
ex26a,42,C,E,G,C,,,,C_M
ex26a,43,C,E,C,,,,,C_M
ex26a,44,C,E,G,C,,,,C_M
ex26a,45,C,E,G,E,,,,C_M
ex26a,46,C,E,G,E,,,,C_M
ex26a,47,C,E,G,E,,,,C_M
ex26a,48,E,G,E,,,,,C_M
ex26a,49,D,F,A,F,,,,D_m7
ex26a,50,C,F,A,F,,,,D_m7
ex26a,51,F,G,B,F,,,,D_m7
ex26a,52,F,A,F,,,,,D_m7
ex26a,53,E,F,G,A,F,,,D_m7
ex26a,54,D,F,A,F,,,,D_m7
ex26a,55,C,E,G,G,,,,C_M
ex26a,56,E,G,B,G,,,,G_V
ex26a,57,D,F,G,B,G,,,G_V
ex26a,58,C,E,G,B,G,,,G_V
ex26a,59,D,F,G,B,G,,,G_V
ex26a,60,C,E,C,,,,,C_M
ex27a,1,C#,F#,A,F#,,,,F#_m
ex27a,2,D,F#,A,F#,,,,F#_m
ex27a,3,C#,F#,A,F#,,,,F#_m
ex27a,4,C#,F#,A,F#,,,,F#_m
ex27a,5,F#,A,F#,,,,,F#_m
ex27a,6,C#,F#,A,F#,,,,F#_m
ex27a,7,D,F#,A,F#,,,,B_m
ex27a,8,D,F#,B,F#,,,,G#_hd7
ex27a,9,D,F#,Ab,F#,,,,G#_hd7
ex27a,10,F,F,,,,,,C#_V
ex27a,11,B,B,,,,,,C#_V
ex27a,12,C#,F,B,F,,,,C#_V
ex27a,13,C#,F#,B,F#,,,,F#_m
ex27a,14,C#,F#,A,F#,,,,F#_m
ex27a,15,C#,F#,F#,,,,,F#_m
ex27a,16,C#,F#,A,A,,,,F#_m
ex27a,17,D,F#,B,B,,,,G#_hd7
ex27a,18,D,Ab,B,B,,,,G#_hd7
ex27a,19,D,B,B,,,,,G#_hd7
ex27a,20,C#,F#,A,C#,,,,F#_m
ex27a,21,C#,F,A,C#,,,,F#_m
ex27a,22,C#,F#,A,C#,,,,F#_m
ex27a,23,C#,Ab,A,C#,,,,F#_m
ex27a,24,C#,F#,A,C#,,,,C#_M
ex27a,25,C#,F,Ab,C#,,,,C#_M
ex27a,26,D,F#,A,F#,,,,D_M
ex27a,27,E,F#,A,F#,,,,D_M
ex27a,28,D,F#,A,F#,,,,D_M
ex27a,29,F#,Ab,B,Ab,,,,G#_hd7
ex27a,30,E,Ab,B,Ab,,,,G#_hd7
ex27a,31,D,Ab,B,Ab,,,,G#_hd7
ex27a,32,C,E,A,A,,,,A_M
ex27a,33,C,E,A,A,,,,A_M
ex27a,34,C#,F#,A,F#,,,,F#_m
ex27a,35,F#,A,F#,,,,,F#_m
ex27a,36,C#,Eb,A,Eb,,,,B_V
ex27a,37,Eb,A,B,Eb,,,,B_V
ex27a,38,Eb,A,Bb,Eb,,,,B_V
ex27a,39,Eb,A,B,Eb,,,,B_V
ex27a,40,Eb,A,Bb,Eb,,,,B_V
ex27a,41,Eb,A,B,Eb,,,,B_V
ex27a,42,F,Ab,A,F,,,,C#_M
ex27a,43,F,Ab,F,,,,,C#_M
ex27a,44,F,F#,Ab,F,,,,C#_M
ex27a,45,F,Ab,F,,,,,C#_M
ex27a,46,D,F,Ab,F,,,,C#_M
ex27a,47,C#,F,Ab,F,,,,C#_M
ex27a,48,C#,F#,B,F#,,,,F#_m
ex27a,49,C#,F#,Bb,F#,,,,F#_m
ex27a,50,D,F#,A,D,,,,D_M
ex27a,51,D,F#,D,,,,,D_M
ex27a,52,D,G,B,B,,,,G_M
ex27a,53,D,G,A,B,B,,,G_M
ex27a,54,D,G,B,B,,,,G_M
ex27a,55,D,G,B,B,,,,G_M
ex27a,56,D,G,B,B,,,,G_M
ex27a,57,D,G,B,B,,,,G_M
ex27a,58,D,G,B,B,,,,G_M
ex27a,59,D,D,,,,,,G_M
ex27a,60,G,G,,,,,,G_M
ex27a,61,B,B,,,,,,G_M
ex27a,62,D,D,,,,,,G_M
ex27a,63,C#,F#,A,C#,,,,F#_m
ex27a,64,C#,Ab,A,C#,,,,F#_m
ex27a,65,C#,F#,A,C#,,,,F#_m
ex27a,66,C#,F#,A,C#,,,,F#_m
ex27a,67,C#,F,Ab,B,C#,,,C#_V
ex27a,68,F#,A,F#,,,,,F#_m
ex28a,1,C,Ab,C,,,,,F_m
ex28a,2,C,Ab,C,,,,,F_m
ex28a,3,C,Ab,C,,,,,F_m
ex28a,4,C,F,Ab,F,,,,F_m
ex28a,5,C,F,Ab,F,,,,F_m
ex28a,6,C,F,Ab,F,,,,F_m
ex28a,7,C,F,Ab,F,,,,F_m
ex28a,8,C,F,Ab,F,,,,F_m
ex28a,9,C,F,Ab,F,,,,F_m
ex28a,10,F,G,Bb,F,,,,E_d7
ex28a,11,F,G,Bb,F,,,,E_d7
ex28a,12,C#,F,Bb,F,,,,E_d7
ex28a,13,C#,F,Bb,F,,,,E_d7
ex28a,14,E,F,G,F,,,,E_d7
ex28a,15,E,F,G,F,,,,E_d7
ex28a,16,F,Ab,F,,,,,F_m
ex28a,17,F,Ab,F,,,,,F_m
ex28a,18,F,Ab,F,,,,,F_m
ex28a,19,F,Ab,F,,,,,F_m
ex28a,20,F,Ab,F,,,,,F_m
ex28a,21,F,Ab,F,,,,,F_m
ex28a,22,C,F,Ab,F,,,,F_m
ex28a,23,C,F,Ab,F,,,,F_m
ex28a,24,C,F,Ab,F,,,,F_m
ex28a,25,C,F,Ab,F,,,,F_m
ex28a,26,C,F,Ab,F,,,,F_m
ex28a,27,C,F,Ab,F,,,,F_m
ex28a,28,C,E,G,E,,,,C_V
ex28a,29,C,E,G,E,,,,C_V
ex28a,30,C,E,G,E,,,,C_V
ex28a,31,C,E,G,E,,,,C_V
ex28a,32,C,E,G,E,,,,C_V
ex28a,33,C,E,G,E,,,,C_V
ex28a,34,C#,E,G,E,,,,C_V
ex28a,35,C#,E,G,E,,,,C_V
ex28a,36,C,E,G,E,,,,C_V
ex28a,37,C,E,G,E,,,,C_V
ex28a,38,E,G,Bb,E,,,,C_V
ex28a,39,E,G,Bb,E,,,,C_V
ex28a,40,F,G,Bb,F,,,,F_m
ex28a,41,F,G,Bb,F,,,,F_m
ex28a,42,F,Ab,F,,,,,F_m
ex28a,43,F,Ab,F,,,,,F_m
ex28a,44,F,F,,,,,,F_m
ex28a,45,F,Ab,F,,,,,F_m
ex28a,46,Bb,Bb,,,,,,F_m
ex28a,47,C,C,,,,,,F_m
ex28a,48,Eb,Eb,,,,,,Db_M
ex28a,49,C#,F,Ab,F,,,,Db_M
ex28a,50,C#,F,Ab,F,,,,Db_M
ex28a,51,C#,F,Ab,F,,,,Db_M
ex28a,52,C#,F,Ab,F,,,,Db_M
ex28a,53,C#,F,Ab,F,,,,Db_M
ex28a,54,C#,Eb,G,Bb,G,,,Eb_V
ex28a,55,C#,Eb,G,Bb,G,,,Eb_V
ex28a,56,C#,Eb,F,G,Bb,G,,Eb_V
ex28a,57,Eb,Eb,,,,,,Eb_V
ex28a,58,C#,C#,,,,,,Eb_V
ex28a,59,C,Ab,Ab,,,,,Ab_M
ex28a,60,Eb,Ab,Ab,,,,,Ab_M
ex28a,61,C#,Bb,C#,,,,,Bb_m
ex28a,62,C#,Bb,C#,,,,,Bb_m
ex28a,63,C,Eb,Ab,Eb,,,,Ab_M
ex28a,64,C#,Eb,Ab,Eb,,,,Eb_V
ex28a,65,C,C#,Eb,G,Eb,,,Eb_V
ex28a,66,C#,Eb,G,Bb,Eb,,,Eb_V
ex28a,67,C,Ab,Ab,,,,,Ab_M
ex28a,68,Ab,Ab,,,,,,Ab_M
ex29a,1,G,G,,,,,,C_m
ex29a,2,Eb,Eb,,,,,,C_m
ex29a,3,C,Eb,G,Eb,,,,C_m
ex29a,4,C,Eb,G,Eb,,,,C_m
ex29a,5,D,F,B,D,,,,B_d7
ex29a,6,D,Ab,B,D,,,,B_d7
ex29a,7,F,Ab,B,F,,,,B_d7
ex29a,8,B,B,,,,,,B_d7
ex29a,9,D,Eb,G,Eb,,,,C_m
ex29a,10,C,Eb,G,Eb,,,,C_m
ex29a,11,Eb,G,B,B,,,,G_M
ex29a,12,D,G,B,B,,,,G_M
ex29a,13,C,F,G,C,,,,C_m
ex29a,14,C,Eb,G,C,,,,C_m
ex29a,15,D,G,D,,,,,B_d
ex29a,16,D,G,B,D,,,,B_d
ex29a,17,D,Eb,G,Eb,,,,C_m
ex29a,18,C,Eb,G,Eb,,,,C_m
ex29a,19,Eb,G,B,B,,,,G_M
ex29a,20,D,G,B,B,,,,G_M
ex29a,21,C,F,G,C,,,,C_m
ex29a,22,C,Eb,G,C,,,,C_m
ex29a,23,F,F,,,,,,C_m
ex29a,24,E,E,,,,,,C_m
ex29a,25,F,F,,,,,,Bb_M
ex29a,26,D,D,,,,,,Bb_M
ex29a,27,D,F,Bb,D,,,,Bb_M
ex29a,28,D,F,Bb,D,,,,Bb_M
ex29a,29,C,Eb,A,C,,,,A_d7
ex29a,30,C,F#,A,C,,,,A_d7
ex29a,31,Eb,F#,A,Eb,,,,A_d7
ex29a,32,A,A,,,,,,A_d7
ex29a,33,C,C#,F,C#,,,,Bb_m
ex29a,34,C#,F,Bb,C#,,,,Bb_m
ex29a,35,C#,F,A,A,,,,F_M
ex29a,36,C,F,A,A,,,,F_M
ex29a,37,Eb,F,Bb,Bb,,,,Bb_m
ex29a,38,C#,F,Bb,Bb,,,,Bb_m
ex29a,39,C,F,C,,,,,A_d
ex29a,40,C,F,A,C,,,,A_d
ex29a,41,C,C#,F,C#,,,,Bb_m
ex29a,42,C#,F,Bb,C#,,,,Bb_m
ex29a,43,C#,F,A,A,,,,F_M
ex29a,44,C,F,A,A,,,,F_M
ex29a,45,Eb,F,Bb,Bb,,,,Bb_m
ex29a,46,C#,F,Bb,Bb,,,,Bb_m
ex2a,1,D,G,B,G,,,,G_M
ex2a,2,D,G,B,G,,,,G_M
ex2a,3,C,D,G,G,,,,G_M
ex2a,4,D,F#,A,F#,,,,D_M
ex2a,5,D,G,B,G,,,,G_M
ex2a,6,D,E,G,E,,,,C_M
ex2a,7,C,E,G,E,,,,C_M
ex2a,8,C,F,A,F,,,,F_M
ex2a,9,C,E,F,A,F,,,F_M
ex2a,10,D,G,B,G,,,,G_M
ex2a,11,C,E,G,C,,,,C_M
ex2a,12,D,G,B,G,,,,G_M
ex2a,13,D,F#,A,D,,,,D_V
ex2a,14,C,D,F#,A,D,,,D_V
ex2a,15,E,G,B,E,,,,E_m
ex2a,16,D,G,B,D,,,,E_m
ex2a,17,C,E,G,C,,,,C_M
ex2a,18,C,D,E,G,D,,,C_M
ex2a,19,C,E,G,E,,,,C_M
ex2a,20,C,E,F#,A,F#,,,C_M
ex2a,21,D,G,B,G,,,,G_M
ex2a,22,D,G,A,B,G,,,G_M
ex2a,23,D,G,B,B,,,,G_M
ex2a,24,C,D,G,B,C,,,G_M
ex2a,25,D,G,A,D,,,,D_M
ex2a,26,D,G,D,,,,,D_M
ex2a,27,D,F#,A,D,,,,D_M
ex2a,28,C,D,F#,A,D,,,D_V
ex2a,29,D,G,B,G,,,,G_M
ex2a,30,D,G,B,G,,,,G_M
ex2a,31,D,F#,A,D,,,,D_V
ex2a,32,C,D,F#,A,D,,,D_V
ex2a,33,Eb,F#,B,Eb,,,,B_M
ex2a,34,E,G,B,E,,,,E_m
ex2a,35,D,E,G,B,E,,,E_m
ex2a,36,C#,E,A,A,,,,A_M
ex2a,37,C#,E,G,A,G,,,A_V
ex2a,38,D,F#,A,F#,,,,D_M
ex2a,39,D,E,G,E,,,,C#_d
ex2a,40,C#,E,G,E,,,,C#_d
ex2a,41,D,F#,A,D,,,,D_M
ex2a,42,Eb,F#,B,B,,,,B_M
ex2a,43,E,G,B,E,,,,E_m
ex2a,44,D,G,B,D,,,,E_m
ex2a,45,C,E,G,E,,,,C_M
ex2a,46,C,E,F#,G,F#,,,C_M
ex2a,47,D,G,B,G,,,,G_M
ex2a,48,C,D,G,A,A,,,G_M
ex2a,49,E,G,B,G,,,,E_m
ex2a,50,F#,A,F#,,,,,E_m
ex2a,51,E,G,B,E,,,,E_m
ex2a,52,D,G,B,B,,,,G_M
ex2a,53,C,D,G,B,C,,,G_M
ex2a,54,D,G,A,D,,,,D_M
ex2a,55,D,G,D,,,,,D_M
ex2a,56,D,F#,A,D,,,,D_M
ex2a,57,C,D,F#,D,,,,D_V
ex2a,58,D,G,B,G,,,,G_M
ex30a,1,E,Ab,E,,,,,E_M
ex30a,2,E,Ab,E,,,,,E_M
ex30a,3,E,Ab,B,E,,,,E_M
ex30a,4,E,Ab,E,,,,,E_M
ex30a,5,Eb,E,Ab,E,,,,E_M
ex30a,6,D,E,Ab,E,,,,E_M
ex30a,7,C#,E,B,E,,,,E_M
ex30a,8,E,A,E,,,,,E_M
ex30a,9,E,A,B,E,,,,E_M
ex30a,10,E,Ab,E,,,,,E_M
ex30a,11,E,Ab,A,E,,,,E_M
ex30a,12,E,F#,E,,,,,E_M
ex30a,13,E,Ab,B,E,,,,E_M
ex30a,14,E,B,E,,,,,E_M
ex30a,15,B,B,,,,,,E_M
ex30a,16,E,E,,,,,,E_M
ex30a,17,Eb,Ab,Ab,,,,,E_M
ex30a,18,D,E,E,,,,,E_M
ex30a,19,C#,A,A,,,,,A_M
ex30a,20,C#,E,E,,,,,A_M
ex30a,21,C#,C#,,,,,,A_M
ex30a,22,Eb,E,E,,,,,A_M
ex30a,23,C#,E,E,,,,,A_M
ex30a,24,A,B,A,,,,,A_M
ex30a,25,A,A,,,,,,A_M
ex30a,26,C#,Ab,C#,,,,,A_M
ex30a,27,C#,F#,C#,,,,,A_M
ex30a,28,E,B,B,,,,,E_M
ex30a,29,E,B,B,,,,,E_M
ex30a,30,E,Ab,Ab,,,,,E_M
ex30a,31,E,B,B,,,,,B_M
ex30a,32,Ab,A,A,,,,,B_M
ex30a,33,F#,B,B,,,,,B_M
ex30a,34,C,E,C,,,,,C_M
ex30a,35,C,E,G,C,,,,C_M
ex30a,36,C,E,C,,,,,C_M
ex30a,37,C,E,C,,,,,C_M
ex30a,38,C,E,G,C,,,,C_M
ex30a,39,C,E,C,,,,,C_M
ex30a,40,F,G,A,F,,,,D_m
ex30a,41,D,F,F,,,,,D_m
ex30a,42,F,A,F,,,,,D_m
ex30a,43,E,F,A,F,,,,D_m
ex30a,44,E,F,F,,,,,D_m
ex30a,45,D,F,A,F,,,,D_m
ex30a,46,E,G,G,,,,,C_M
ex30a,47,C,E,G,G,,,,C_M
ex30a,48,E,G,G,,,,,C_M
ex30a,49,C,E,G,G,,,,C_M
ex30a,50,E,G,G,,,,,C_M
ex30a,51,C,E,G,G,,,,C_M
ex30a,52,D,F,G,G,,,,G_V
ex30a,53,F,G,G,,,,,G_V
ex30a,54,F,G,B,G,,,,G_V
ex30a,55,E,G,G,,,,,G_V
ex30a,56,D,E,F,G,G,,,G_V
ex30a,57,D,G,B,G,,,,G_V
ex30a,58,C,Eb,G,C,,,,C_m
ex30a,59,C,Eb,G,C,,,,C_m
ex30a,60,Eb,G,G,,,,,C_m
ex30a,61,Eb,Eb,,,,,,C_m
ex30a,62,C,Eb,C,,,,,C_m
ex30a,63,C,Eb,G,G,,,,C_m
ex30a,64,C,F,G,Ab,F,,,D_hd7
ex30a,65,C,D,F,F,,,,D_hd7
ex30a,66,F,F,,,,,,D_hd7
ex30a,67,D,Eb,D,,,,,D_hd7
ex30a,68,C,Eb,Ab,Ab,,,,D_hd7
ex30a,69,D,F,Ab,F,,,,D_hd7
ex30a,70,Eb,G,G,,,,,C_m
ex30a,71,C,Eb,G,G,,,,C_m
ex30a,72,Eb,G,G,,,,,C_m
ex30a,73,C,Eb,G,G,,,,C_m
ex30a,74,Eb,G,G,,,,,C_m
ex30a,75,C,Eb,G,G,,,,C_m
ex30a,76,D,G,Ab,B,Ab,,,G#_d7
ex30a,77,F,Ab,B,Ab,,,,G#_d7
ex30a,78,F,Ab,Ab,,,,,G#_d7
ex30a,79,E,Ab,B,Ab,,,,G#_d7
ex30a,80,D,E,Ab,B,Ab,,,G#_d7
ex30a,81,D,Ab,B,Ab,,,,G#_d7
ex30a,82,C,E,A,A,,,,A_m
ex30a,83,E,A,A,,,,,A_m
ex30a,84,E,A,A,,,,,A_m
ex30a,85,E,A,A,,,,,A_m
ex30a,86,C,E,A,A,,,,A_m
ex30a,87,C,E,A,A,,,,A_m
ex30a,88,C#,G,A,Bb,Bb,,,A#_d7
ex30a,89,G,Bb,Bb,,,,,A#_d7
ex30a,90,E,G,Bb,Bb,,,,A#_d7
ex30a,91,C#,F#,Bb,Bb,,,,A#_d7
ex30a,92,E,F#,Bb,Bb,,,,A#_d7
ex30a,93,C#,E,Bb,Bb,,,,A#_d7
ex30a,94,E,Ab,B,B,,,,E_M
ex30a,95,E,Ab,B,B,,,,E_M
ex30a,96,E,F#,Ab,B,B,,,E_M
ex30a,97,E,Ab,B,B,,,,E_M
ex30a,98,E,Ab,A,E,,,,E_M
ex30a,99,E,Ab,B,E,,,,E_M
ex30a,100,C#,E,Ab,E,,,,E_M
ex30a,101,Eb,E,Ab,E,,,,E_M
ex30a,102,E,Ab,E,,,,,E_M
ex30a,103,E,Ab,B,E,,,,E_M
ex30a,104,C#,E,Ab,E,,,,E_M
ex30a,105,Eb,E,Ab,E,,,,E_M
ex30a,106,E,Ab,E,,,,,E_M
ex30a,107,E,F#,Ab,E,,,,E_M
ex30a,108,E,Ab,E,,,,,E_M
ex30a,109,E,Ab,A,E,,,,E_M
ex30a,110,E,Ab,B,E,,,,E_M
ex30a,111,E,Ab,E,,,,,E_M
ex30a,112,E,F#,Ab,E,,,,E_M
ex30a,113,E,Ab,E,,,,,E_M
ex30a,114,E,Ab,A,E,,,,E_M
ex30a,115,E,Ab,B,E,,,,E_M
ex30a,116,C#,E,Ab,E,,,,E_M
ex30a,117,Eb,E,Ab,E,,,,E_M
ex30a,118,E,Ab,E,,,,,E_M
ex30a,119,Eb,E,Ab,E,,,,E_M
ex30a,120,C#,C#,,,,,,E_M
ex30a,121,B,B,,,,,,E_M
ex30a,122,Ab,A,B,Ab,,,,E_M
ex30a,123,Ab,B,Ab,,,,,E_M
ex30a,124,F#,F#,,,,,,E_M
ex30a,125,E,E,,,,,,E_M
ex30a,126,E,Ab,B,B,,,,E_M
ex30a,127,E,Ab,B,B,,,,E_M
ex30a,128,E,E,,,,,,E_M
ex30a,129,E,E,,,,,,E_M
ex30a,130,F#,B,B,,,,,B_V
ex30a,131,F#,A,B,B,,,,B_V
ex30a,132,Eb,F#,B,B,,,,B_V
ex30a,133,F#,A,B,B,,,,B_V
ex30a,134,F#,B,B,,,,,B_V
ex30a,135,F#,A,B,B,,,,B_V
ex30a,136,Eb,F#,B,B,,,,B_V
ex30a,137,F#,A,B,B,,,,B_V
ex30a,138,F#,B,B,,,,,B_V
ex30a,139,F#,A,B,B,,,,B_V
ex30a,140,Eb,F#,B,B,,,,B_V
ex30a,141,F#,A,B,B,,,,B_V
ex30a,142,E,E,,,,,,E_M
ex30a,143,E,E,,,,,,E_M
ex31a,1,C,Eb,C,,,,,Ab_M
ex31a,2,C,Eb,Eb,,,,,Ab_M
ex31a,3,C,Eb,Ab,Ab,,,,Ab_M
ex31a,4,C,Eb,C,,,,,Ab_M
ex31a,5,C,Eb,C,,,,,Ab_M
ex31a,6,C,Eb,Eb,,,,,Ab_M
ex31a,7,C,Eb,Ab,Ab,,,,Ab_M
ex31a,8,C,Eb,C,,,,,Ab_M
ex31a,9,C#,Bb,C#,,,,,Bb_m
ex31a,10,C#,Bb,C#,,,,,Bb_m
ex31a,11,C#,F,Bb,F,,,,Bb_m
ex31a,12,C#,Bb,Bb,,,,,Bb_m
ex31a,13,C#,Bb,C#,,,,,Bb_m
ex31a,14,C#,Bb,C#,,,,,Bb_m
ex31a,15,C#,F,Bb,F,,,,Bb_m
ex31a,16,C#,Bb,Bb,,,,,Bb_m
ex31a,17,C,Eb,Ab,Eb,,,,Ab_M
ex31a,18,C,Ab,C,,,,,Ab_M
ex31a,19,C,Eb,Ab,Eb,,,,Ab_M
ex31a,20,C,Ab,Ab,,,,,Ab_M
ex31a,21,C,Eb,G,Bb,Eb,,,Eb_V
ex31a,22,G,Bb,Bb,,,,,Eb_V
ex31a,23,C,Ab,Bb,Bb,,,,Eb_V
ex31a,24,C#,Bb,C#,,,,,Eb_V
ex31a,25,C#,G,Ab,Bb,G,,,Eb_V
ex31a,26,C,Eb,G,Ab,G,,,Ab_M
ex31a,27,C,Ab,Ab,,,,,Ab_M
ex31a,28,C,Ab,C,,,,,Ab_M
ex31a,29,C,Eb,Ab,Eb,,,,Ab_M
ex31a,30,C,Eb,Ab,Ab,,,,Ab_M
ex31a,31,C,Ab,Ab,,,,,Ab_M
ex31a,32,C,Ab,C,,,,,Ab_M
ex31a,33,Eb,Eb,,,,,,Ab_M
ex31a,34,Ab,Ab,,,,,,Ab_M
ex31a,35,C,Ab,Ab,,,,,Ab_M
ex31a,36,C,Eb,Ab,Ab,,,,Ab_M
ex31a,37,C,Ab,Ab,,,,,Ab_M
ex31a,38,C,C,,,,,,Ab_M
ex31a,39,C,Ab,Ab,,,,,Ab_M
ex31a,40,C,Eb,Ab,Ab,,,,Ab_M
ex31a,41,C,Ab,Ab,,,,,Ab_M
ex31a,42,C,C,,,,,,Ab_M
ex31a,43,C,G,G,,,,,C_m
ex31a,44,D,G,G,,,,,C_m
ex31a,45,C,Eb,C,,,,,C_m
ex31a,46,D,Eb,D,,,,,C_m
ex31a,47,C,G,G,,,,,C_m
ex31a,48,C,G,G,,,,,C_m
ex31a,49,C,C,,,,,,C_m
ex31a,50,C,Eb,C,,,,,C_m
ex31a,51,Eb,F#,F#,,,,,F#_d7
ex31a,52,Eb,F#,F#,,,,,F#_d7
ex31a,53,Eb,A,A,,,,,F#_d7
ex31a,54,C,Eb,C,,,,,F#_d7
ex31a,55,D,F#,F#,,,,,F#_d7
ex31a,56,D,Eb,F#,F#,,,,F#_d7
ex31a,57,C,A,A,,,,,F#_d7
ex31a,58,C,C,,,,,,F#_d7
ex31a,59,G,B,G,,,,,G_V
ex31a,60,G,B,G,,,,,G_V
ex31a,61,D,F,G,G,,,,G_V
ex31a,62,D,F,G,G,,,,G_V
ex31a,63,C,Eb,G,G,,,,G_V
ex31a,64,C,Eb,G,G,,,,G_V
ex31a,65,D,G,B,G,,,,G_V
ex31a,66,D,G,B,G,,,,G_V
ex31a,67,C,Eb,C,,,,,C_m
ex31a,68,Eb,Eb,,,,,,C_m
ex31a,69,Eb,G,G,,,,,C_m
ex31a,70,C,Eb,C,,,,,C_m
ex31a,71,D,D,,,,,,G_m
ex31a,72,D,G,Bb,G,,,,G_m
ex31a,73,C#,Eb,Eb,,,,,Eb_V
ex31a,74,C#,G,Bb,G,,,,Eb_V
ex31a,75,D,F#,D,,,,,D_M
ex31a,76,D,F#,F#,,,,,D_M
ex31a,77,D,F#,A,A,,,,D_M
ex31a,78,D,F#,D,,,,,D_M
ex31a,79,G,Bb,Bb,,,,,Eb_M
ex31a,80,Eb,G,Bb,Eb,,,,Eb_M
ex31a,81,G,Bb,G,,,,,Eb_M
ex31a,82,Eb,G,Bb,Eb,,,,Eb_M
ex31a,83,C,Eb,G,A,C,,,A_hd7
ex31a,84,Eb,G,A,Eb,,,,A_hd7
ex31a,85,Eb,G,A,G,,,,A_hd7
ex31a,86,Eb,G,A,A,,,,A_hd7
ex31a,87,D,F#,A,D,,,,D_V
ex31a,88,D,F#,A,F#,,,,D_V
ex31a,89,C,D,F#,A,A,,,D_V
ex31a,90,C,D,F#,A,D,,,D_V
ex31a,91,G,Bb,G,,,,,G_m
ex31a,92,D,G,Bb,D,,,,G_m
ex31a,93,G,G,,,,,,G_m
ex31a,94,G,Bb,Bb,,,,,G_m
ex32a,1,Eb,F#,B,B,,,,B_M
ex32a,2,Eb,F#,B,B,,,,B_M
ex32a,3,F#,B,B,,,,,B_M
ex32a,4,F#,B,B,,,,,B_M
ex32a,5,Eb,F#,B,B,,,,B_M
ex32a,6,F#,B,B,,,,,B_M
ex32a,7,Eb,F#,Eb,,,,,B_M
ex32a,8,Eb,Eb,,,,,,B_M
ex32a,9,B,B,,,,,,B_M
ex32a,10,Eb,F#,F#,,,,,B_M
ex32a,11,F#,F#,,,,,,B_M
ex32a,12,B,B,,,,,,B_M
ex32a,13,Eb,F#,B,B,,,,B_M
ex32a,14,Eb,F#,B,B,,,,B_M
ex32a,15,F#,B,B,,,,,B_M
ex32a,16,F#,B,B,,,,,B_M
ex32a,17,Eb,F#,B,B,,,,B_M
ex32a,18,F#,B,B,,,,,B_M
ex32a,19,Eb,F#,Eb,,,,,B_M
ex32a,20,Eb,Eb,,,,,,B_M
ex32a,21,B,B,,,,,,B_M
ex32a,22,Eb,F#,F#,,,,,B_M
ex32a,23,F#,F#,,,,,,B_M
ex32a,24,B,B,,,,,,B_M
ex32a,25,Eb,B,B,,,,,B_M
ex32a,26,B,B,,,,,,B_M
ex32a,27,F#,F#,,,,,,B_M
ex32a,28,Eb,F#,F#,,,,,B_M
ex32a,29,Eb,F#,B,F#,,,,B_M
ex32a,30,Eb,F#,F#,,,,,B_M
ex32a,31,C#,E,F#,G,F#,,,F#_V
ex32a,32,C#,F#,G,Bb,F#,,,F#_V
ex32a,33,C#,F#,G,F#,,,,F#_V
ex32a,34,C#,E,F#,F#,,,,F#_V
ex32a,35,E,F#,Bb,F#,,,,F#_V
ex32a,36,E,F#,F#,,,,,F#_V
ex32a,37,Eb,B,B,,,,,B_M
ex32a,38,B,B,,,,,,B_M
ex32a,39,F#,F#,,,,,,B_M
ex32a,40,Eb,F#,F#,,,,,B_M
ex32a,41,Eb,F#,B,F#,,,,B_M
ex32a,42,Eb,F#,F#,,,,,B_M
ex32a,43,C#,E,F#,G,F#,,,F#_V
ex32a,44,C#,F#,G,Bb,F#,,,F#_V
ex32a,45,C#,F#,G,F#,,,,F#_V
ex32a,46,C#,E,F#,F#,,,,F#_V
ex32a,47,E,F#,Bb,F#,,,,F#_V
ex32a,48,E,F#,F#,,,,,F#_V
ex32a,49,Eb,F#,B,B,,,,B_M
ex32a,50,Eb,F#,B,B,,,,B_M
ex32a,51,F#,B,B,,,,,B_M
ex32a,52,F#,B,B,,,,,B_M
ex32a,53,Eb,F#,B,B,,,,B_M
ex32a,54,F#,B,B,,,,,B_M
ex32a,55,Eb,F#,Eb,,,,,B_M
ex32a,56,Eb,Eb,,,,,,B_M
ex32a,57,B,B,,,,,,B_M
ex32a,58,Eb,F#,F#,,,,,B_M
ex32a,59,F#,F#,,,,,,B_M
ex32a,60,B,B,,,,,,B_M
ex32a,61,C,Eb,C,,,,,C_d7
ex32a,62,C,A,C,,,,,C_d7
ex32a,63,F#,F#,,,,,,C_d7
ex32a,64,Eb,F#,Eb,,,,,C_d7
ex32a,65,C,Eb,Eb,,,,,C_d7
ex32a,66,A,A,,,,,,C_d7
ex32a,67,C,A,A,,,,,C_d7
ex32a,68,F#,A,A,,,,,C_d7
ex32a,69,Eb,Eb,,,,,,C_d7
ex32a,70,F,A,F,,,,,F_V
ex32a,71,F,F,,,,,,F_V
ex32a,72,Eb,Eb,,,,,,F_V
ex32a,73,C#,F,Bb,Bb,,,,Bb_m
ex32a,74,C#,F,Bb,Bb,,,,Bb_m
ex32a,75,F,Bb,Bb,,,,,Bb_m
ex32a,76,F,Bb,Bb,,,,,Bb_m
ex32a,77,C#,F,Bb,Bb,,,,Bb_m
ex32a,78,F,Bb,Bb,,,,,Bb_m
ex32a,79,C#,F,C#,,,,,Bb_m
ex32a,80,C#,C#,,,,,,Bb_m
ex32a,81,Bb,Bb,,,,,,Bb_m
ex32a,82,C#,F,F,,,,,Bb_m
ex32a,83,F,F,,,,,,Bb_m
ex32a,84,Bb,Bb,,,,,,Bb_m
ex32a,85,C#,F,Bb,Bb,,,,Bb_m
ex32a,86,C#,F,Bb,Bb,,,,Bb_m
ex32a,87,F,Bb,Bb,,,,,Bb_m
ex32a,88,F,Bb,Bb,,,,,Bb_m
ex32a,89,C#,F,Bb,Bb,,,,Bb_m
ex32a,90,F,Bb,Bb,,,,,Bb_m
ex32a,91,C#,F,C#,,,,,Bb_m
ex32a,92,C#,C#,,,,,,Bb_m
ex32a,93,Bb,Bb,,,,,,Bb_m
ex32a,94,C#,F,F,,,,,Bb_m
ex32a,95,F,F,,,,,,Bb_m
ex32a,96,Bb,Bb,,,,,,Bb_m
ex32a,97,C#,Bb,Bb,,,,,Bb_m
ex32a,98,Bb,Bb,,,,,,Bb_m
ex32a,99,F,F,,,,,,Bb_m
ex32a,100,C#,F,C#,,,,,G_d7
ex32a,101,C#,C#,,,,,,G_d7
ex32a,102,Bb,Bb,,,,,,G_d7
ex32a,103,G,Bb,G,,,,,G_d7
ex32a,104,E,G,G,,,,,G_d7
ex32a,105,C#,C#,,,,,,G_d7
ex32a,106,C,Ab,Ab,,,,,Ab_V
ex32a,107,F#,Ab,Ab,,,,,Ab_V
ex32a,108,Eb,Eb,,,,,,Ab_V
ex32a,109,C#,F,Ab,C#,,,,Db_M
ex32a,110,C#,F,Ab,C#,,,,Db_M
ex32a,111,C#,Ab,C#,,,,,Db_M
ex32a,112,C#,Ab,C#,,,,,Db_M
ex32a,113,C#,F,Ab,C#,,,,Db_M
ex32a,114,C#,Ab,C#,,,,,Db_M
ex32a,115,C#,Ab,C#,,,,,Db_M
ex32a,116,C#,F,Ab,C#,,,,Db_M
ex32a,117,C#,Ab,C#,,,,,Db_M
ex32a,118,Ab,Ab,,,,,,Db_M
ex32a,119,F,F,,,,,,Db_M
ex32a,120,C#,C#,,,,,,Db_M
ex32a,121,C#,C#,,,,,,Db_M
ex32a,122,C#,C#,,,,,,Db_M
ex32a,123,C#,C#,,,,,,Db_M
ex32a,124,C#,C#,,,,,,Db_M
ex32a,125,C#,C#,,,,,,Db_M
ex32a,126,C#,C#,,,,,,Db_M
ex32a,127,C#,C#,,,,,,Db_M
ex32a,128,C#,C#,,,,,,Db_M
ex32a,129,C#,F,Ab,C#,,,,Db_M
ex32a,130,C#,F,Ab,C#,,,,Db_M
ex32a,131,C#,F,Ab,C#,,,,Db_M
ex32a,132,C#,F,Ab,C#,,,,Db_M
ex32a,133,C#,F,C#,,,,,Db_M
ex32a,134,C#,F,C#,,,,,Db_M
ex32a,135,C#,Ab,C#,,,,,Db_M
ex32a,136,C#,Ab,C#,,,,,Db_M
ex32a,137,C#,Eb,F#,Bb,C#,,,Eb_m
ex32a,138,C#,Eb,F#,Bb,C#,,,Eb_m
ex32a,139,C#,Eb,F#,Bb,C#,,,Eb_m
ex32a,140,C#,Eb,F#,Bb,C#,,,Eb_m
ex32a,141,C#,F#,C#,,,,,Eb_m
ex32a,142,C#,F#,C#,,,,,Eb_m
ex32a,143,C#,Bb,C#,,,,,Eb_m
ex32a,144,C#,Bb,C#,,,,,Eb_m
ex32a,145,C#,Bb,C#,,,,,Ab_V
ex32a,146,C#,Ab,C#,,,,,Ab_V
ex32a,147,C,C#,Eb,Ab,C#,,,Ab_V
ex32a,148,C,C#,Eb,F#,C#,,,Ab_V
ex32a,149,C,C#,F#,Ab,C#,,,Ab_V
ex32a,150,C,C#,F,Ab,C#,,,Ab_V
ex32a,151,C,C#,F,A,C#,,,Ab_V
ex32a,152,C,C#,E,A,C#,,,Ab_V
ex32a,153,C#,F,Ab,C#,,,,Db_M
ex32a,154,C#,F,G,C#,,,,Db_M
ex32a,155,C#,F,Ab,C#,,,,Db_M
ex32a,156,C#,F,A,C#,,,,Db_M
ex32a,157,C#,F,Ab,C#,,,,Db_M
ex32a,158,C#,F,G,C#,,,,Db_M
ex32a,159,C#,F,Ab,C#,,,,Db_M
ex32a,160,C#,F,C#,,,,,Db_M
ex32a,161,C#,E,F,C#,,,,Db_M
ex32a,162,C#,F,F,,,,,Db_M
ex32a,163,C#,F,C#,,,,,Db_M
ex32a,164,C#,D,F,D,,,,Db_M
ex32a,165,C#,F,Ab,C#,,,,Db_M
ex32a,166,C#,F,Ab,C#,,,,Db_M
ex32a,167,C#,F,Ab,C#,,,,Db_M
ex32a,168,C#,F,Ab,C#,,,,Db_M
ex32a,169,C#,F,C#,,,,,Db_M
ex32a,170,C#,F,C#,,,,,Db_M
ex32a,171,C#,Ab,C#,,,,,Db_M
ex32a,172,C#,Ab,C#,,,,,Db_M
ex32a,173,C,Eb,F#,A,C,,,C_d7
ex32a,174,C,Eb,F#,A,C,,,C_d7
ex32a,175,C,Eb,F#,A,C,,,C_d7
ex32a,176,C,Eb,F#,A,C,,,C_d7
ex32a,177,C,F#,C,,,,,C_d7
ex32a,178,C,F#,C,,,,,C_d7
ex32a,179,C,A,C,,,,,C_d7
ex32a,180,C,A,C,,,,,C_d7
ex32a,181,A,B,B,,,,,B_V
ex32a,182,Ab,B,B,,,,,B_V
ex32a,183,Eb,F#,B,B,,,,B_V
ex32a,184,Eb,F#,A,B,B,,,B_V
ex32a,185,Eb,A,B,B,,,,B_V
ex32a,186,Eb,Ab,B,B,,,,B_V
ex32a,187,C,Eb,Ab,B,B,,,B_V
ex32a,188,C,Eb,G,B,B,,,B_V
ex32a,189,E,Ab,B,E,,,,E_M
ex32a,190,E,Ab,Bb,E,,,,E_M
ex32a,191,E,Ab,B,E,,,,E_M
ex32a,192,C,E,Ab,E,,,,E_M
ex32a,193,E,Ab,B,E,,,,E_M
ex32a,194,E,Ab,Bb,E,,,,E_M
ex32a,195,E,Ab,B,E,,,,E_M
ex32a,196,E,Ab,E,,,,,E_M
ex32a,197,E,G,Ab,E,,,,E_M
ex32a,198,E,Ab,Ab,,,,,E_M
ex32a,199,E,Ab,E,,,,,E_M
ex32a,200,E,F,Ab,F,,,,E_M
ex32a,201,E,E,,,,,,E_M
ex32a,202,E,E,,,,,,E_M
ex32a,203,E,E,,,,,,E_M
ex32a,204,E,E,,,,,,E_M
ex32a,205,E,Ab,Ab,,,,,E_M
ex32a,206,E,E,,,,,,E_M
ex32a,207,E,B,B,,,,,E_M
ex32a,208,E,E,,,,,,E_M
ex35a,1,Eb,F#,B,B,,,,B_M
ex35a,2,Eb,F#,B,B,,,,B_M
ex35a,3,E,E,,,,,,E_m
ex35a,4,E,G,B,B,,,,E_m
ex35a,5,E,F#,G,B,B,,,E_m
ex35a,6,G,G,,,,,,E_m
ex35a,7,E,G,B,B,,,,E_m
ex35a,8,E,G,A,B,B,,,E_m
ex35a,9,B,B,,,,,,B_M
ex35a,10,C,B,B,,,,,B_M
ex35a,11,E,F#,B,B,,,,B_M
ex35a,12,B,B,,,,,,B_M
ex35a,13,Eb,F#,B,B,,,,B_M
ex35a,14,E,E,,,,,,E_m
ex35a,15,E,G,B,B,,,,E_m
ex35a,16,E,F#,G,B,B,,,E_m
ex35a,17,G,G,,,,,,E_m
ex35a,18,E,G,B,B,,,,E_m
ex35a,19,E,G,A,B,B,,,E_m
ex35a,20,B,B,,,,,,B_M
ex35a,21,E,F#,B,B,,,,B_M
ex35a,22,B,B,,,,,,B_M
ex35a,23,Eb,F#,B,B,,,,B_M
ex35a,24,Bb,Bb,,,,,,D#_m
ex35a,25,Eb,F#,Bb,Bb,,,,D#_m
ex35a,26,Eb,F#,Bb,Bb,,,,D#_m
ex35a,27,Eb,Bb,Bb,,,,,D#_m
ex35a,28,Eb,F#,Bb,Bb,,,,D#_m
ex35a,29,Eb,F#,Bb,Bb,,,,D#_m
ex35a,30,Bb,Bb,,,,,,D#_m
ex35a,31,Eb,F#,Bb,Bb,,,,D#_m
ex35a,32,Bb,Bb,,,,,,D#_m
ex35a,33,Eb,F#,Bb,Bb,,,,D#_m
ex35a,34,Ab,B,Ab,,,,,G#_m7
ex35a,35,Ab,Bb,Ab,,,,,G#_m7
ex35a,36,Eb,F#,B,B,,,,G#_m7
ex35a,37,Eb,F#,B,B,,,,G#_m7
ex35a,38,Eb,F#,Bb,Bb,,,,D#_m
ex35a,39,D,F,Ab,Bb,Bb,,,A#_V
ex35a,40,Eb,Eb,,,,,,D#_m
ex35a,41,Eb,F#,Bb,F#,,,,D#_m
ex37a,1,Eb,G,A,A,,,,A_hd7
ex37a,2,Eb,G,Eb,,,,,A_hd7
ex37a,3,Eb,G,Eb,,,,,A_hd7
ex37a,4,Eb,G,Bb,Bb,,,,Bb_M
ex37a,5,D,F,Bb,Bb,,,,Bb_M
ex37a,6,Bb,Bb,,,,,,Bb_M
ex37a,7,Bb,Bb,,,,,,Bb_M
ex37a,8,Eb,G,Bb,Bb,,,,Bb_M
ex37a,9,Eb,G,A,A,,,,A_hd7
ex37a,10,Eb,G,Eb,,,,,A_hd7
ex37a,11,Eb,G,Eb,,,,,A_hd7
ex37a,12,Eb,G,Bb,Bb,,,,Bb_M
ex37a,13,D,F,Bb,Bb,,,,Bb_M
ex37a,14,Bb,Bb,,,,,,Bb_M
ex37a,15,Bb,Bb,,,,,,Bb_M
ex37a,16,Eb,G,Bb,Bb,,,,Bb_M
ex37a,17,Eb,G,A,A,,,,A_hd7
ex37a,18,Eb,G,Eb,,,,,A_hd7
ex37a,19,Eb,G,Eb,,,,,A_hd7
ex37a,20,Eb,G,Bb,Bb,,,,Bb_M
ex37a,21,D,F,Bb,Bb,,,,Bb_M
ex37a,22,F,Ab,B,B,,,,B_d7
ex37a,23,F,Ab,B,B,,,,B_d7
ex37a,24,F,Ab,B,B,,,,C_m
ex37a,25,C,Eb,G,C,,,,C_m
ex37a,26,C,D,Ab,Ab,,,,D_hd7
ex37a,27,C,D,Ab,Ab,,,,D_hd7
ex37a,28,C,D,Ab,Ab,,,,Eb_M
ex37a,29,Eb,G,Bb,G,,,,Eb_M
ex37a,30,F,Ab,B,B,,,,B_d7
ex37a,31,F,Ab,B,B,,,,B_d7
ex37a,32,F,Ab,B,B,,,,C_m
ex37a,33,C,Eb,G,C,,,,C_m
ex37a,34,C,D,Ab,Ab,,,,D_hd7
ex37a,35,C,D,Ab,Ab,,,,D_hd7
ex37a,36,C,D,Ab,Ab,,,,Eb_M
ex37a,37,Eb,G,Bb,G,,,,Eb_M
ex37a,38,C,D,Ab,Ab,,,,D_hd7
ex37a,39,C,D,Ab,Ab,,,,D_hd7
ex37a,40,C,D,Ab,Ab,,,,D_hd7
ex37a,41,Eb,G,Bb,G,,,,Eb_M
ex37a,42,C,D,Ab,Ab,,,,D_hd7
ex37a,43,C,D,Ab,Ab,,,,D_hd7
ex37a,44,C,D,Ab,Ab,,,,D_hd7
ex37a,45,D,Ab,B,D,,,,D_d7
ex37a,46,Eb,G,Bb,Eb,,,,Eb_M
ex37a,47,C#,E,G,Bb,E,,,E_d7
ex37a,48,C#,E,G,Bb,E,,,E_d7
ex37a,49,D,F,G,Bb,F,,,Bb_M
ex37a,50,D,F,F,,,,,Bb_M
ex37a,51,C,Eb,F,F,,,,F_V
ex37a,52,C,Eb,F,A,F,,,F_V
ex37a,53,D,Bb,Bb,,,,,Bb_M
ex37a,54,D,F,Bb,D,,,,Bb_M
ex37a,55,D,F,Bb,D,,,,Bb_M
ex37a,56,D,F,Bb,F,,,,Bb_M
ex37a,57,D,F,Bb,F,,,,Bb_M
ex37a,58,D,Bb,Bb,,,,,Bb_M
ex37a,59,Eb,A,B,B,,,,B_V
ex37a,60,Eb,F#,A,F#,,,,B_V
ex37a,61,Eb,F#,A,F#,,,,B_V
ex37a,62,Eb,F#,A,Eb,,,,B_V
ex37a,63,Eb,A,Eb,,,,,B_V
ex37a,64,Eb,A,B,B,,,,B_V
ex37a,65,D,Bb,Bb,,,,,Bb_M
ex37a,66,D,F,Bb,D,,,,Bb_M
ex37a,67,D,F,Bb,D,,,,Bb_M
ex37a,68,D,F,Bb,F,,,,Bb_M
ex37a,69,D,F,Bb,F,,,,Bb_M
ex37a,70,D,Bb,Bb,,,,,Bb_M
ex37a,71,Eb,A,B,B,,,,B_V
ex37a,72,Eb,F#,A,F#,,,,B_V
ex37a,73,Eb,F#,A,F#,,,,B_V
ex37a,74,Eb,F#,A,Eb,,,,B_V
ex37a,75,Eb,A,Eb,,,,,B_V
ex37a,76,Eb,A,B,B,,,,B_V
ex37a,77,C,Eb,F,A,Bb,Bb,,Bb_M
ex37a,78,C,Eb,F,Bb,Bb,,,Bb_M
ex37a,79,Eb,F,Bb,Bb,,,,Bb_M
ex37a,80,D,F,Bb,Bb,,,,Bb_M
ex38a,1,Ab,Ab,,,,,,Db_M
ex38a,2,C#,F,C#,,,,,Db_M
ex38a,3,C#,F,Ab,C#,,,,Db_M
ex38a,4,C#,F,G,Ab,Ab,,,Db_M
ex38a,5,C#,F,Ab,Ab,,,,Db_M
ex38a,6,C#,F,G,Ab,Ab,,,Db_M
ex38a,7,C#,F,Ab,Ab,,,,Db_M
ex38a,8,C#,C#,,,,,,Db_M
ex38a,9,C#,Ab,C#,,,,,Db_M
ex38a,10,C#,Eb,F,Ab,Ab,,,Db_M
ex38a,11,C#,Eb,F,Ab,Ab,,,Db_M
ex38a,12,C#,F,Ab,Ab,,,,Db_M
ex38a,13,C#,F,Ab,Ab,,,,Db_M
ex38a,14,C,Ab,C,,,,,Ab_M
ex38a,15,C,Ab,C,,,,,Ab_M
ex38a,16,C,G,Ab,Ab,,,,Ab_M
ex38a,17,C,G,Ab,Ab,,,,Ab_M
ex38a,18,C,F#,Ab,Ab,,,,Ab_V
ex38a,19,C,F#,Ab,Ab,,,,Ab_V
ex38a,20,Eb,Ab,Ab,,,,,Ab_M
ex38a,21,Eb,Ab,Ab,,,,,Ab_M
ex38a,22,C,Eb,G,Ab,Ab,,,Ab_M
ex38a,23,C,Eb,Ab,Ab,,,,Ab_M
ex38a,24,C,Eb,Ab,Bb,Ab,,,Ab_M
ex38a,25,C,Eb,Ab,Ab,,,,Ab_M
ex38a,26,C#,F,C#,,,,,Db_M
ex38a,27,C#,F,Ab,C#,,,,Db_M
ex38a,28,C#,F,G,Ab,Ab,,,Db_M
ex38a,29,C#,F,Ab,Ab,,,,Db_M
ex38a,30,C#,F,G,Ab,Ab,,,Db_M
ex38a,31,C#,F,Ab,Ab,,,,Db_M
ex38a,32,C#,C#,,,,,,Db_M
ex38a,33,C#,Ab,C#,,,,,Db_M
ex38a,34,C#,Eb,F,Ab,Ab,,,Db_M
ex38a,35,C#,Eb,F,Ab,Ab,,,Db_M
ex38a,36,C#,F,Ab,Ab,,,,Db_M
ex38a,37,C#,F,Ab,Ab,,,,Db_M
ex38a,38,Eb,Eb,,,,,,Eb_V
ex38a,39,Eb,Eb,,,,,,Eb_V
ex38a,40,C#,Eb,G,Eb,,,,Eb_V
ex38a,41,C#,Eb,G,Eb,,,,Eb_V
ex38a,42,C#,Eb,G,Bb,Eb,,,Eb_V
ex38a,43,C#,Eb,G,Bb,Eb,,,Eb_V
ex38a,44,C,Ab,Ab,,,,,Ab_M
ex38a,45,C,G,Ab,Ab,,,,Ab_M
ex38a,46,C,Ab,Bb,Ab,,,,Ab_M
ex38a,47,C,Ab,Ab,,,,,Ab_M
ex38a,48,G,G,,,,,,Ab_M
ex38a,49,Ab,Ab,,,,,,Ab_M
ex38a,50,C#,F,C#,,,,,Db_M
ex38a,51,C#,F,Ab,C#,,,,Db_M
ex38a,52,C#,F,G,Ab,Ab,,,Db_M
ex38a,53,C#,F,Ab,Ab,,,,Db_M
ex38a,54,C#,F,G,Ab,Ab,,,Db_M
ex38a,55,C#,F,Ab,Ab,,,,Db_M
ex38a,56,C#,C#,,,,,,Db_M
ex38a,57,C#,Ab,C#,,,,,Db_M
ex38a,58,C#,Eb,F,Ab,Ab,,,Db_M
ex38a,59,C#,Eb,F,Ab,Ab,,,Db_M
ex38a,60,C#,F,Ab,Ab,,,,Db_M
ex38a,61,C#,F,Ab,Ab,,,,Db_M
ex38a,62,C,Ab,C,,,,,Ab_M
ex38a,63,C,Ab,C,,,,,Ab_M
ex38a,64,Eb,G,Ab,Ab,,,,Ab_M
ex38a,65,Eb,G,Ab,Ab,,,,Ab_M
ex38a,66,Eb,F#,Ab,Ab,,,,Ab_V
ex38a,67,Eb,F#,Ab,Ab,,,,Ab_V
ex38a,68,Eb,Ab,Ab,,,,,Ab_M
ex38a,69,Eb,Ab,Ab,,,,,Ab_M
ex38a,70,C,Eb,G,Ab,Ab,,,Ab_M
ex38a,71,C,Eb,Ab,Ab,,,,Ab_M
ex38a,72,C,Eb,Ab,Bb,Ab,,,Ab_M
ex38a,73,C,Eb,Ab,Ab,,,,Ab_M
ex38a,74,C#,F,C#,,,,,Db_M
ex38a,75,C#,F,Ab,C#,,,,Db_M
ex38a,76,C#,F,G,Ab,Ab,,,Db_M
ex38a,77,C#,F,Ab,Ab,,,,Db_M
ex38a,78,C#,F,Ab,Ab,,,,Db_M
ex38a,79,C#,F,Ab,Ab,,,,Db_M
ex38a,80,E,A,A,,,,,A_M
ex38a,81,E,A,A,,,,,A_M
ex38a,82,C#,E,Ab,A,A,,,A_M
ex38a,83,C#,E,A,A,,,,A_M
ex38a,84,C#,E,A,A,,,,A_M
ex38a,85,C#,E,A,A,,,,A_M
ex38a,86,E,E,,,,,,E_V
ex38a,87,E,E,,,,,,E_V
ex38a,88,D,E,Ab,E,,,,E_V
ex38a,89,D,E,Ab,E,,,,E_V
ex38a,90,D,E,Ab,B,E,,,E_V
ex38a,91,D,E,Ab,B,E,,,E_V
ex38a,92,C#,A,A,,,,,A_M
ex38a,93,C#,Ab,A,A,,,,A_M
ex38a,94,C#,A,B,A,,,,A_M
ex38a,95,C#,A,A,,,,,A_M
ex38a,96,Ab,Ab,,,,,,A_M
ex38a,97,A,A,,,,,,A_M
ex38a,98,D,F#,D,,,,,D_M
ex38a,99,D,F#,A,D,,,,D_M
ex38a,100,D,F#,Ab,A,A,,,D_M
ex38a,101,D,F#,A,A,,,,D_M
ex38a,102,D,F#,Ab,A,A,,,D_M
ex38a,103,D,F#,A,A,,,,D_M
ex38a,104,D,F#,D,,,,,D_M
ex38a,105,D,F#,A,D,,,,D_M
ex38a,106,D,F#,Ab,A,A,,,D_M
ex38a,107,D,F#,Ab,A,A,,,D_M
ex38a,108,D,F#,A,A,,,,D_M
ex38a,109,D,F#,A,A,,,,D_M
ex38a,110,A,A,,,,,,A_M
ex38a,111,A,A,,,,,,A_M
ex38a,112,C#,E,A,A,,,,A_M
ex38a,113,C#,E,A,A,,,,A_M
ex38a,114,C#,E,A,A,,,,A_M
ex38a,115,C#,E,A,A,,,,A_M
ex38a,116,E,A,A,,,,,A_M
ex38a,117,E,A,A,,,,,A_M
ex38a,118,C#,E,Ab,A,A,,,A_M
ex38a,119,C#,E,A,A,,,,A_M
ex38a,120,C#,E,A,B,A,,,A_M
ex38a,121,C#,E,A,A,,,,A_M
ex38a,122,G,A,A,,,,,A_V
ex38a,123,C#,G,A,A,,,,A_V
ex38a,124,C,C#,E,G,A,A,,A_V
ex38a,125,C#,E,G,A,A,,,A_V
ex38a,126,C#,Eb,E,G,A,A,,A_V
ex38a,127,C#,E,G,A,A,,,A_V
ex38a,128,Ab,Ab,,,,,,Db_M
ex38a,129,C#,Ab,Ab,,,,,Db_M
ex38a,130,C,C#,F,Ab,Ab,,,Db_M
ex38a,131,C#,F,Ab,Ab,,,,Db_M
ex38a,132,C#,F,Ab,Ab,,,,Db_M
ex38a,133,C#,F,Ab,Ab,,,,Db_M
ex38a,134,Ab,Ab,,,,,,Ab_V
ex38a,135,Ab,Ab,,,,,,Ab_V
ex38a,136,C,F#,Ab,Ab,,,,Ab_V
ex38a,137,C,F#,Ab,Ab,,,,Ab_V
ex38a,138,C,Eb,F#,Ab,Ab,,,Ab_V
ex38a,139,C,Eb,F#,Ab,Ab,,,Ab_V
ex38a,140,C#,F,Ab,C#,,,,Db_M
ex3a,1,D,G,Bb,G,,,,G_m
ex3a,2,C,D,F#,A,A,,,F#_d
ex3a,3,D,G,Bb,Bb,,,,G_m
ex3a,4,C,D,G,C,,,,G_m
ex3a,5,D,F#,A,D,,,,D_M
ex3a,6,C,D,G,Bb,C,,,G_m
ex3a,7,D,G,Bb,Bb,,,,G_m
ex3a,8,C,G,A,A,,,,F#_d
ex3a,9,C,F#,A,A,,,,F#_d
ex3a,10,D,G,Bb,G,,,,G_m
ex3a,11,D,G,A,G,,,,G_m
ex3a,12,C,Eb,G,A,C,,,A_hd7
ex3a,13,D,Eb,F#,A,D,,,D_V
ex3a,14,D,F#,A,D,,,,D_V
ex3a,15,D,G,Bb,G,,,,G_m
ex3a,16,D,G,Bb,G,,,,G_m
ex3a,17,D,F,G,Bb,F,,,G_m
ex3a,18,Eb,G,Bb,Eb,,,,Eb_M
ex3a,19,D,F,G,Bb,D,,,Eb_M
ex3a,20,C,Eb,G,A,C,,,A_hd7
ex3a,21,D,F#,A,D,,,,D_M
ex3a,22,D,Eb,G,Eb,,,,C_m
ex3a,23,C,Eb,G,Eb,,,,C_m
ex3a,24,C,F#,A,A,,,,F#_d
ex3a,25,C,F#,A,A,,,,F#_d
ex3a,26,D,G,Bb,G,,,,G_m
ex3a,27,D,G,G,,,,,G_m
ex3a,28,D,F#,A,D,,,,D_M
ex3a,29,D,F#,A,D,,,,D_M
ex3a,30,D,G,Bb,G,,,,G_m
ex3a,31,D,F,G,Bb,F,,,G_m
ex3a,32,C,E,G,E,,,,C_M
ex3a,33,C,F,A,F,,,,F_M
ex3a,34,C,E,F,A,E,,,F_M
ex3a,35,D,F,Bb,D,,,,Bb_M
ex3a,36,C,D,F,Bb,D,,,Bb_M
ex3a,37,C,D,F,A,C,,,G_m7
ex3a,38,D,F,G,Bb,Bb,,,G_m7
ex3a,39,C,F,G,C,,,,C_V
ex3a,40,C,E,G,C,,,,C_V
ex3a,41,C,E,G,Bb,C,,,C_V
ex3a,42,C,F,A,F,,,,F_M
ex3a,43,D,F,Bb,D,,,,Bb_M
ex3a,44,C,F,A,F,,,,F_M
ex3a,45,D,F,Bb,Bb,,,,Bb_M
ex3a,46,C,D,Eb,Bb,Bb,,,Bb_M
ex3a,47,D,F,Bb,Bb,,,,Bb_M
ex3a,48,D,Bb,Bb,,,,,Bb_M
ex3a,49,Eb,G,Bb,G,,,,Eb_M
ex3a,50,C,Eb,G,A,A,,,Eb_M
ex3a,51,D,G,Bb,Bb,,,,G_m
ex3a,52,D,G,Bb,G,,,,G_m
ex3a,53,C,Eb,G,Eb,,,,C_m
ex3a,54,C,Eb,G,C,,,,C_m
ex3a,55,C,F,A,F,,,,F_V
ex3a,56,C,Eb,F,A,F,,,F_V
ex3a,57,D,Bb,Bb,,,,,Bb_M
ex3a,58,C,F,A,F,,,,F_M
ex3a,59,Eb,G,Bb,G,,,,G_m
ex3a,60,D,G,Bb,G,,,,G_m
ex3a,61,C,F,A,A,,,,F_V
ex3a,62,C,Eb,A,A,,,,F_V
ex3a,63,D,F,Bb,Bb,,,,Bb_M
ex3a,64,D,G,A,A,,,,Bb_M
ex3a,65,C,D,G,A,G,,,D_V
ex3a,66,C,D,F#,A,F#,,,D_V
ex3a,67,D,G,Bb,G,,,,G_m
ex3a,68,D,F#,A,D,,,,D_M
ex3a,69,D,G,Bb,Bb,,,,G_m
ex3a,70,D,G,A,A,,,,G_m
ex3a,71,D,G,A,G,,,,D_M
ex3a,72,D,F#,A,F#,,,,D_M
ex3a,73,D,G,Bb,G,,,,G_m
ex3a,74,D,F,G,Bb,F,,,G_m
ex3a,75,C,Eb,G,Eb,,,,C_m
ex3a,76,D,G,Bb,D,,,,G_m
ex3a,77,C,Eb,G,A,C,,,A_hd7
ex3a,78,C,G,A,A,,,,A_hd7
ex3a,79,D,F#,A,D,,,,D_M
ex3a,80,D,F#,G,D,,,,D_M
ex3a,81,D,G,B,G,,,,G_M
ex40a,1,F,F,,,,,,D_m
ex40a,2,D,F,D,,,,,D_m
ex40a,3,D,F,A,D,,,,D_m
ex40a,4,D,F,A,D,,,,D_m
ex40a,5,D,F,A,D,,,,D_m
ex40a,6,D,E,F,A,D,,,D_m
ex40a,7,D,F,A,D,,,,D_m
ex40a,8,C,G,C,,,,,C_m7
ex40a,9,C,Eb,G,Bb,C,,,C_m7
ex40a,10,C,Eb,G,Bb,C,,,C_m7
ex40a,11,C,Eb,G,Bb,C,,,C_m7
ex40a,12,C,Eb,G,Bb,C,,,C_m7
ex40a,13,C,Eb,G,Bb,C,,,C_m7
ex40a,14,F,A,F,,,,,F_V
ex40a,15,C,Eb,F,A,F,,,F_V
ex40a,16,C,Eb,F,A,F,,,F_V
ex40a,17,C,Eb,F,A,F,,,F_V
ex40a,18,C,Eb,F,G,A,F,,F_V
ex40a,19,C,Eb,F,A,F,,,F_V
ex40a,20,D,Bb,Bb,,,,,Bb_M
ex40a,21,D,F,Bb,Bb,,,,Bb_M
ex40a,22,D,F,Bb,Bb,,,,Bb_M
ex40a,23,D,F,Bb,Bb,,,,Bb_M
ex40a,24,D,F,Bb,Bb,,,,Bb_M
ex40a,25,D,F,Bb,Bb,,,,Bb_M
ex40a,26,D,Bb,Bb,,,,,Bb_V
ex40a,27,D,F,Ab,Bb,Bb,,,Bb_V
ex40a,28,D,F,Ab,Bb,Bb,,,Bb_V
ex40a,29,D,F,Ab,Bb,Bb,,,Bb_V
ex40a,30,D,F,Ab,Bb,Bb,,,Bb_V
ex40a,31,D,F,Ab,Bb,Bb,,,Bb_V
ex40a,32,F,F,,,,,,D_m
ex40a,33,D,F,A,A,,,,D_m
ex40a,34,D,F,A,A,,,,D_m
ex40a,35,D,F,A,A,,,,D_m
ex40a,36,D,E,F,A,A,,,D_m
ex40a,37,D,F,A,A,,,,D_m
ex40a,38,A,A,,,,,,A_V
ex40a,39,C#,E,G,A,A,,,A_V
ex40a,40,C#,E,G,A,A,,,A_V
ex40a,41,C#,E,G,A,A,,,A_V
ex40a,42,C#,E,G,A,B,A,,A_V
ex40a,43,C#,E,G,A,A,,,A_V
ex40a,44,D,D,,,,,,D_m
ex40a,45,D,F,A,D,,,,D_m
ex40a,46,D,F,A,D,,,,D_m
ex40a,47,D,F,A,D,,,,D_m
ex40a,48,D,F,A,D,,,,D_m
ex40a,49,D,F,A,D,,,,D_m
ex40a,50,D,G,G,,,,,G_V
ex40a,51,D,F,G,B,G,,,G_V
ex40a,52,D,F,G,B,G,,,G_V
ex40a,53,D,F,G,B,G,,,G_V
ex40a,54,D,F,G,B,G,,,G_V
ex40a,55,D,F,G,B,G,,,G_V
ex40a,56,C,D,C,,,,,C_V
ex40a,57,C,D,E,G,Bb,C,,C_V
ex40a,58,C,E,G,Bb,C,,,C_V
ex40a,59,C,E,G,Bb,C,,,C_V
ex40a,60,C,E,G,Bb,C,,,C_V
ex40a,61,C,E,G,Bb,C,,,C_V
ex40a,62,C,E,G,Bb,C,,,C_V
ex40a,63,C,E,G,Bb,C,,,C_V
ex40a,64,C,F,C,,,,,F_M
ex40a,65,C,F,A,C,,,,F_M
ex40a,66,C,F,A,C,,,,F_M
ex40a,67,C,F,A,C,,,,F_M
ex40a,68,C,F,G,A,C,,,F_M
ex40a,69,C,F,A,C,,,,F_M
ex40a,70,C,G,C,,,,,C_M
ex40a,71,C,E,G,C,,,,C_M
ex40a,72,C,E,G,C,,,,C_M
ex40a,73,C,E,G,C,,,,C_M
ex40a,74,C,E,G,C,,,,C_M
ex40a,75,C,E,G,C,,,,C_M
ex40a,76,C#,C#,,,,,,G_hd7
ex40a,77,C#,F,G,Bb,C#,,,G_hd7
ex40a,78,C#,F,G,Bb,C#,,,G_hd7
ex40a,79,C#,F,G,Bb,C#,,,G_hd7
ex40a,80,C#,F,G,Bb,C#,,,G_hd7
ex40a,81,C#,F,G,Bb,C#,,,G_hd7
ex40a,82,C,C,,,,,,C_M
ex40a,83,C,E,G,C,,,,C_M
ex40a,84,C,E,G,C,,,,C_M
ex40a,85,C,E,G,C,,,,C_M
ex40a,86,C,E,G,C,,,,C_M
ex40a,87,C,E,G,C,,,,C_M
ex40a,88,C#,C#,,,,,,G_hd7
ex40a,89,C#,F,G,Bb,C#,,,G_hd7
ex40a,90,C#,F,G,Bb,C#,,,G_hd7
ex40a,91,C#,F,G,Bb,C#,,,G_hd7
ex40a,92,C#,F,G,Bb,C#,,,G_hd7
ex40a,93,C#,F,G,Bb,C#,,,G_hd7
ex40a,94,C,C,,,,,,C_M
ex40a,95,C,E,G,C,,,,C_M
ex40a,96,C,E,G,C,,,,C_M
ex40a,97,C,E,G,C,,,,C_M
ex40a,98,C,E,G,C,,,,C_M
ex40a,99,C,E,G,C,,,,C_M
ex40a,100,F,Ab,F,,,,,F_m
ex40a,101,C,F,Ab,F,,,,F_m
ex40a,102,C,F,Ab,F,,,,F_m
ex40a,103,C,F,Ab,F,,,,F_m
ex40a,104,C,F,G,Ab,F,,,F_m
ex40a,105,C,F,Ab,F,,,,F_m
ex40a,106,Eb,Bb,Eb,,,,,Eb_m7
ex40a,107,C#,F#,Bb,F#,,,,Eb_m7
ex40a,108,C#,F#,Bb,F#,,,,Eb_m7
ex40a,109,C#,F#,Bb,F#,,,,Eb_m7
ex40a,110,C#,F#,Bb,F#,,,,Eb_m7
ex40a,111,C#,F#,Bb,F#,,,,Eb_m7
ex40a,112,C,Ab,Ab,,,,,Ab_V
ex40a,113,C,Eb,F#,Ab,Ab,,,Ab_V
ex40a,114,C,Eb,F#,Ab,Ab,,,Ab_V
ex40a,115,C,Eb,F#,Ab,Ab,,,Ab_V
ex40a,116,C,Eb,F#,Ab,Ab,,,Ab_V
ex40a,117,C,Eb,F#,Ab,Ab,,,Ab_V
ex40a,118,C#,F,C#,,,,,Db_M
ex40a,119,C#,F,Ab,C#,,,,Db_M
ex40a,120,C#,F,Ab,C#,,,,Db_M
ex41a,1,C#,A,A,,,,,A_M
ex41a,2,C#,A,A,,,,,A_M
ex41a,3,C#,Ab,A,Ab,,,,A_M7
ex41a,4,C#,Ab,A,Ab,,,,A_M7
ex41a,5,C#,F#,A,F#,,,,F#_m
ex41a,6,C#,E,A,E,,,,A_M
ex41a,7,D,F#,A,D,,,,D_M
ex41a,8,C#,E,A,A,,,,A_M
ex41a,9,C#,C#,,,,,,A_M
ex41a,10,D,E,Ab,B,D,,,E_V
ex41a,11,D,E,Ab,B,D,,,E_V
ex41a,12,C#,E,E,,,,,E_V
ex41a,13,C#,E,A,A,,,,A_M
ex41a,14,C#,E,A,A,,,,A_M
ex41a,15,C#,E,A,A,,,,A_M
ex41a,16,D,E,Ab,B,D,,,E_V
ex41a,17,C#,E,E,,,,,E_V
ex41a,18,C#,E,A,A,,,,A_M
ex41a,19,C#,A,A,,,,,A_M
ex41a,20,C#,A,A,,,,,A_M
ex41a,21,C#,Ab,A,Ab,,,,A_M7
ex41a,22,C#,Ab,A,Ab,,,,A_M7
ex41a,23,C#,F#,A,F#,,,,F#_m
ex41a,24,C#,E,A,E,,,,A_M
ex41a,25,D,F#,A,D,,,,D_M
ex41a,26,C#,E,A,A,,,,A_M
ex41a,27,C#,C#,,,,,,A_M
ex41a,28,D,E,Ab,B,D,,,E_V
ex41a,29,C#,E,E,,,,,E_V
ex41a,30,C#,E,A,A,,,,A_M
ex41a,31,C#,E,A,A,,,,A_M
ex41a,32,D,E,Ab,B,D,,,E_V
ex41a,33,C#,E,E,,,,,E_V
ex41a,34,C#,E,A,A,,,,A_M
ex41a,35,E,Ab,B,E,,,,E_M
ex41a,36,E,Ab,B,E,,,,E_M
ex41a,37,Eb,E,Ab,B,Eb,,,E_M
ex41a,38,Eb,E,Ab,B,Eb,,,E_M
ex41a,39,C#,E,Ab,B,C#,,,E_M
ex41a,40,E,Ab,B,B,,,,E_M
ex41a,41,C#,E,Ab,Bb,Bb,,,F#_V
ex41a,42,C#,E,G,Bb,Bb,,,F#_V
ex41a,43,C#,E,F#,Bb,Bb,,,F#_V
ex41a,44,C#,E,Bb,Bb,,,,F#_V
ex41a,45,D,F#,B,B,,,,B_m
ex41a,46,D,F#,B,B,,,,B_m
ex41a,47,F#,F#,,,,,,B_m
ex41a,48,F#,F#,,,,,,B_m
ex41a,49,D,F#,Ab,B,Ab,,,G#_hd7
ex41a,50,B,B,,,,,,G#_hd7
ex41a,51,C#,F,Ab,C#,,,,C#_M
ex41a,52,D,F#,Ab,B,Ab,,,G#_hd7
ex41a,53,C#,F,Ab,C#,,,,C#_M
ex41a,54,C#,E,G,A,A,,,A_V
ex41a,55,C#,E,G,A,A,,,A_V
ex41a,56,C#,E,G,A,A,,,A_V
ex41a,57,C#,E,G,A,A,,,A_V
ex41a,58,C#,E,G,A,A,,,A_V
ex41a,59,C#,E,G,A,B,A,,A_V
ex41a,60,C#,E,G,A,A,,,A_V
ex41a,61,C#,E,G,A,A,,,A_V
ex41a,62,D,F#,A,D,,,,D_M
ex41a,63,D,F,A,D,,,,D_M
ex41a,64,C#,E,A,A,,,,A_M
ex41a,65,C#,C#,,,,,,A_M
ex41a,66,D,E,Ab,B,D,,,E_V
ex41a,67,C#,E,E,,,,,E_V
ex41a,68,C#,E,A,A,,,,A_M
ex41a,69,C#,E,A,A,,,,A_M
ex41a,70,D,E,Ab,B,D,,,E_V
ex41a,71,C#,E,E,,,,,E_V
ex41a,72,C#,E,A,A,,,,A_M
ex43a,1,D,G,B,G,,,,G_M
ex43a,2,D,G,B,G,,,,G_M
ex43a,3,D,G,B,G,,,,G_M
ex43a,4,D,G,B,G,,,,G_M
ex43a,5,D,G,B,G,,,,G_M
ex43a,6,D,G,B,G,,,,G_M
ex43a,7,D,G,B,G,,,,G_M
ex43a,8,D,G,B,G,,,,G_M
ex43a,9,D,G,B,G,,,,G_M
ex43a,10,D,G,B,G,,,,G_M
ex43a,11,D,G,B,G,,,,G_M
ex43a,12,D,G,B,B,,,,G_M
ex43a,13,D,G,B,B,,,,G_M
ex43a,14,E,G,B,E,,,,E_m
ex43a,15,E,G,B,E,,,,E_m
ex43a,16,E,G,B,E,,,,E_m
ex43a,17,G,G,,,,,,E_m
ex43a,18,G,G,,,,,,E_m
ex43a,19,C,E,A,A,,,,A_m
ex43a,20,C,C,,,,,,A_m
ex43a,21,D,F#,A,D,,,,D_M
ex43a,22,C,E,A,A,,,,A_m
ex43a,23,C,E,A,A,,,,A_m
ex43a,24,C,E,A,A,,,,A_m
ex43a,25,C,E,A,A,,,,A_m
ex43a,26,C,E,A,A,,,,A_m
ex43a,27,C,E,A,C,,,,A_m
ex43a,28,C,E,A,C,,,,A_m
ex43a,29,C,E,A,A,,,,A_m
ex43a,30,C,E,A,A,,,,A_m
ex43a,31,C,E,G,Bb,Bb,,,C_V
ex43a,32,C,D,E,G,Bb,Bb,,C_V
ex43a,33,C,E,G,Bb,Bb,,,C_V
ex43a,34,C,F,A,A,,,,F_M
ex43a,35,C,F,A,A,,,,F_M
ex43a,36,C,E,G,G,,,,C_M
ex43a,37,C,D,F,A,F,,,D_m7
ex43a,38,C,E,G,E,,,,C_M
ex43a,39,C,D,F,A,F,,,D_m7
ex43a,40,C,E,G,G,,,,C_M
ex43a,41,E,F,G,B,G,,,G_V
ex43a,42,D,F,G,B,G,,,G_V
ex43a,43,C,E,G,C,,,,C_M
ex43a,44,C,E,G,C,,,,C_M
ex43a,45,C,E,G,C,,,,C_M
ex43a,46,C,E,G,C,,,,C_M
ex43a,47,C,E,A,C,,,,A_m
ex43a,48,C,E,A,C,,,,A_m
ex43a,49,Eb,F#,B,B,,,,B_V
ex43a,50,Eb,F#,B,B,,,,B_V
ex43a,51,Eb,F#,B,B,,,,B_V
ex43a,52,Eb,F#,B,B,,,,B_V
ex43a,53,Eb,F#,G,B,B,,,B_V
ex43a,54,Eb,F#,A,B,B,,,B_V
ex43a,55,Eb,F#,G,B,B,,,B_V
ex43a,56,E,G,B,E,,,,E_m
ex43a,57,E,G,B,E,,,,E_m
ex43a,58,E,G,B,E,,,,E_m
ex43a,59,C,E,A,A,,,,A_m
ex43a,60,C,E,A,A,,,,A_m
ex43a,61,Eb,F#,A,B,B,,,B_V
ex43a,62,Eb,F#,A,B,B,,,B_V
ex43a,63,Eb,F#,A,B,B,,,B_V
ex43a,64,Eb,F#,A,B,B,,,B_V
ex43a,65,Eb,F#,A,B,B,,,B_V
ex43a,66,Eb,F#,G,A,B,B,,B_V
ex43a,67,Eb,F#,A,B,B,,,B_V
ex43a,68,Eb,F#,G,A,B,B,,B_V
ex43a,69,E,G,B,E,,,,E_m
ex43a,70,E,G,B,E,,,,E_m
ex43a,71,E,G,B,E,,,,E_m
ex43a,72,E,G,B,E,,,,E_m
ex43a,73,E,G,B,E,,,,E_m
ex43a,74,D,F,Ab,B,D,,,G#_d7
ex43a,75,D,F,Ab,B,D,,,G#_d7
ex43a,76,D,F,Ab,B,D,,,G#_d7
ex43a,77,D,F,Ab,B,D,,,G#_d7
ex43a,78,D,F,Ab,B,D,,,G#_d7
ex43a,79,D,F,Ab,B,D,,,G#_d7
ex43a,80,C,E,B,C,,,,A_m
ex43a,81,C,E,A,B,C,,,A_m
ex43a,82,C,E,A,C,,,,A_m
ex43a,83,C,E,A,A,,,,A_m
ex43a,84,D,E,Ab,B,B,,,E_V
ex43a,85,C,E,A,C,,,,A_m
ex43a,86,C#,E,G,A,C#,,,A_V
ex43a,87,C#,E,G,A,C#,,,A_V
ex43a,88,D,G,B,D,,,,G_M
ex43a,89,D,F#,B,D,,,,D_V
ex43a,90,C,D,F#,A,D,,,D_V
ex43a,91,D,G,B,G,,,,G_M
ex43a,92,D,F,G,B,B,,,G_V
ex43a,93,D,F,G,B,B,,,G_V
ex43a,94,D,F,G,B,B,,,G_V
ex43a,95,D,F,G,B,B,,,G_V
ex43a,96,D,F,G,B,B,,,G_V
ex43a,97,C,D,E,G,C,,,C_M
ex43a,98,C,E,G,C,,,,C_M
ex43a,99,C,E,G,C,,,,C_M
ex43a,100,D,G,B,G,,,,G_M
ex43a,101,D,F,G,B,G,,,G_V
ex43a,102,D,F,G,B,G,,,G_V
ex43a,103,D,F,G,B,G,,,G_V
ex43a,104,D,F,G,B,G,,,G_V
ex43a,105,D,F,G,B,G,,,G_V
ex43a,106,C,D,E,G,G,,,C_M
ex43a,107,C,E,G,G,,,,C_M
ex43a,108,C,E,G,G,,,,C_M
ex43a,109,D,G,B,G,,,,G_M
ex43a,110,D,G,B,G,,,,G_M
ex43a,111,D,G,B,G,,,,G_M
ex43a,112,D,G,B,G,,,,G_M
ex43a,113,D,G,B,G,,,,G_M
ex43a,114,D,G,B,G,,,,G_M
ex43a,115,D,G,B,G,,,,G_M
ex44a,1,D,G,B,G,,,,G_M
ex44a,2,D,G,B,G,,,,G_M
ex44a,3,D,F#,A,D,,,,D_M
ex44a,4,C,E,G,E,,,,C_M
ex44a,5,D,G,B,G,,,,G_M
ex44a,6,D,F#,A,D,,,,D_M
ex44a,7,E,G,B,E,,,,E_m
ex44a,8,C,E,A,C,,,,A_m
ex44a,9,Eb,F#,B,B,,,,B_M
ex44a,10,D,E,Ab,B,Ab,,,E_V
ex44a,11,C#,E,A,A,,,,A_V
ex44a,12,C#,E,G,G,,,,A_V
ex44a,13,C#,E,G,A,G,,,A_V
ex44a,14,C,D,F#,A,F#,,,D_V
ex44a,15,D,G,B,G,,,,G_M
ex44a,16,C,D,A,A,,,,D_V
ex44a,17,C,D,F#,A,A,,,D_V
ex44a,18,D,G,B,B,,,,G_M
ex44a,19,C,E,G,C,,,,C_M
ex44a,20,C#,E,G,A,C#,,,A_V
ex44a,21,C#,G,A,C#,,,,A_V
ex44a,22,D,G,A,D,,,,D_M
ex44a,23,D,F#,A,D,,,,D_M
ex44a,24,D,E,A,D,,,,D_M
ex44a,25,D,F#,A,D,,,,D_M
ex44a,26,D,G,B,G,,,,G_M
ex44a,27,D,G,B,G,,,,G_M
ex44a,28,D,F#,A,D,,,,D_M
ex44a,29,C,E,G,E,,,,C_M
ex44a,30,D,G,B,G,,,,G_M
ex44a,31,F,G,B,F,,,,G_V
ex44a,32,F,G,B,F,,,,G_V
ex44a,33,C,E,G,E,,,,C_M
ex44a,34,D,G,B,D,,,,G_M
ex44a,35,C,E,G,C,,,,C_M
ex44a,36,C,E,G,B,B,,,C_M
ex44a,37,C#,F#,Bb,Bb,,,,F#_V
ex44a,38,C#,E,F#,Bb,Bb,,,F#_V
ex44a,39,Eb,F#,A,B,A,,,B_V
ex44a,40,E,Ab,B,Ab,,,,E_M
ex44a,41,E,G,A,G,,,,A_V
ex44a,42,C#,E,G,A,G,,,A_V
ex44a,43,D,F#,A,F#,,,,D_M
ex44a,44,D,G,B,G,,,,G_M
ex44a,45,C,E,G,E,,,,C_M
ex44a,46,C,E,G,B,C,,,A_m7
ex44a,47,C,E,G,A,C,,,A_m7
ex44a,48,C,E,G,A,C,,,A_m7
ex44a,49,D,F#,D,,,,,D_V
ex44a,50,C,D,F#,D,,,,D_V
ex44a,51,D,G,B,G,,,,G_M
ex44a,52,D,G,B,G,,,,G_M
ex44a,53,G,G,,,,,,G_M
ex44a,54,G,G,,,,,,G_M
ex45a,1,C,E,G,C,,,,C_M
ex45a,2,C,Eb,F#,Ab,F#,,,Ab_V
ex45a,3,D,G,B,G,,,,G_M
ex45a,4,C,F#,Ab,Ab,,,,Ab_V
ex45a,5,C,Eb,F#,Ab,F#,,,Ab_V
ex45a,6,D,G,B,G,,,,G_M
ex45a,7,C,F#,Ab,Ab,,,,Ab_V
ex45a,8,C,Eb,F#,Ab,Eb,,,Ab_V
ex45a,9,D,F,G,B,D,,,G_V
ex45a,10,C,Eb,F#,Ab,C,,,Ab_V
ex45a,11,D,G,B,B,,,,G_M
ex45a,12,C,Eb,F#,Ab,Eb,,,Ab_V
ex45a,13,D,F,G,B,D,,,G_V
ex45a,14,C,Eb,F#,Ab,C,,,Ab_V
ex45a,15,D,G,B,B,,,,G_M
ex45a,16,C,E,G,Bb,Bb,,,C_V
ex45a,17,C,Eb,G,Bb,Bb,,,C_V
ex45a,18,C,E,G,Bb,Bb,,,C_V
ex45a,19,C#,E,G,A,A,,,A_V
ex45a,20,C#,Eb,G,A,A,,,A_V
ex45a,21,C#,E,G,A,A,,,A_V
ex45a,22,C#,E,G,E,,,,C#_d
ex45a,23,D,F,A,D,,,,D_m
ex45a,24,C#,E,G,Bb,G,,,C#_d7
ex45a,25,D,F,A,F,,,,D_m
ex45a,26,C#,E,G,Bb,Bb,,,C#_d7
ex45a,27,D,F,A,A,,,,D_m
ex45a,28,C#,E,G,Bb,C#,,,C#_d7
ex45a,29,D,F,A,D,,,,D_m
ex45a,30,C,D,F,A,F,,,D_m
ex45a,31,C,Eb,F#,A,F#,,,F#_d7
ex45a,32,Eb,Eb,,,,,,F#_d7
ex45a,33,F#,F#,,,,,,F#_d7
ex45a,34,F#,A,A,,,,,F#_d7
ex45a,35,C,C,,,,,,F#_d7
ex45a,36,D,G,B,B,,,,G_M
ex45a,37,C,C,,,,,,C_M
ex45a,38,C,C,,,,,,C_M
ex45a,39,C,C,,,,,,C_M
ex46a,1,F#,F#,,,,,,D_M
ex46a,2,E,E,,,,,,D_M
ex46a,3,D,D,,,,,,D_M
ex46a,4,D,F#,A,B,D,,,D_M
ex46a,5,D,F#,A,D,,,,D_M
ex46a,6,D,F#,A,D,,,,D_M
ex46a,7,D,F#,A,D,,,,D_M
ex46a,8,D,F,Ab,B,D,,,D_d7
ex46a,9,D,F,Ab,B,D,,,D_d7
ex46a,10,D,F#,A,D,,,,D_M
ex46a,11,D,F#,A,D,,,,D_M
ex46a,12,D,F#,A,D,,,,D_M
ex46a,13,D,F#,A,D,,,,D_M
ex46a,14,D,E,F#,A,D,,,D_M
ex46a,15,D,F#,A,D,,,,D_M
ex46a,16,D,F#,A,D,,,,D_M
ex46a,17,D,F#,A,D,,,,D_M
ex46a,18,D,F#,A,D,,,,D_M
ex46a,19,D,F#,A,D,,,,D_M
ex46a,20,C#,D,E,G,A,B,D,C#_hd7
ex46a,21,C#,D,E,G,A,D,,C#_hd7
ex46a,22,D,F#,A,D,,,,D_M
ex46a,23,D,F#,A,D,,,,D_M
ex46a,24,D,F#,A,D,,,,D_M
ex46a,25,C,D,Eb,F#,A,D,,D#_d7
ex46a,26,C,D,Eb,G,A,D,,D#_d7
ex46a,27,C,D,Eb,F#,A,D,,D#_d7
ex46a,28,D,E,F#,G,B,D,,E_m
ex46a,29,D,E,G,B,D,,,E_m
ex46a,30,C#,D,E,G,Bb,D,,C#_d7
ex46a,31,C#,D,F#,G,Bb,D,,C#_d7
ex46a,32,C#,D,E,G,Bb,D,,C#_d7
ex46a,33,D,E,F#,A,D,,,D_M
ex46a,34,D,F#,A,D,,,,D_M
ex46a,35,D,F#,Ab,B,Ab,,,G#_hd7
ex46a,36,D,F#,Ab,B,Ab,,,G#_hd7
ex46a,37,D,E,F#,Ab,B,Ab,,G#_hd7
ex46a,38,D,F#,Ab,B,Ab,,,G#_hd7
ex46a,39,D,F#,A,A,,,,D_M
ex46a,40,D,F#,A,A,,,,D_M
ex46a,41,D,F#,A,A,,,,D_M
ex46a,42,D,F#,A,A,,,,D_M
ex46a,43,C#,Eb,G,A,B,A,,A_V
ex46a,44,C#,E,G,A,B,A,,A_V
ex46a,45,C#,E,G,A,A,,,A_V
ex46a,46,D,F#,A,D,,,,D_M
ex46a,47,D,F#,A,D,,,,D_M
ex46a,48,D,F#,A,D,,,,D_M
ex7a,1,C,Ab,Ab,,,,,Ab_M
ex7a,2,C,Eb,Ab,Ab,,,,Ab_M
ex7a,3,C,Ab,Ab,,,,,Ab_M
ex7a,4,C,Eb,Ab,Ab,,,,Ab_M
ex7a,5,C#,G,Bb,C#,,,,Eb_V
ex7a,6,C#,Eb,Bb,C#,,,,Eb_V
ex7a,7,C#,G,Bb,C#,,,,Eb_V
ex7a,8,C#,Eb,Bb,C#,,,,Eb_V
ex7a,9,C,Eb,Ab,C,,,,Ab_M
ex7a,10,C,Eb,C,,,,,Ab_M
ex7a,11,C,Eb,Ab,C,,,,Ab_M
ex7a,12,C,Eb,C,,,,,Ab_M
ex7a,13,Eb,G,Bb,G,,,,Eb_V
ex7a,14,Eb,G,G,,,,,Eb_V
ex7a,15,C#,G,Bb,G,,,,Eb_V
ex7a,16,C#,Eb,G,G,,,,Eb_V
ex7a,17,C,Ab,Ab,,,,,Ab_M
ex7a,18,C,Eb,Ab,Ab,,,,Ab_M
ex7a,19,Eb,G,Bb,G,,,,Eb_M
ex7a,20,Eb,G,G,,,,,Eb_M
ex7a,21,C,F,Ab,F,,,,F_m
ex7a,22,F,Ab,F,,,,,F_m
ex7a,23,D,F,Bb,F,,,,Bb_V
ex7a,24,F,Ab,Bb,F,,,,Bb_V
ex7a,25,Eb,G,Eb,,,,,Eb_M
ex7a,26,Eb,Bb,Eb,,,,,Eb_M
ex7a,27,Eb,G,Eb,,,,,Eb_M
ex7a,28,Eb,Bb,Eb,,,,,Eb_M
ex7a,29,Eb,G,Eb,,,,,Eb_M
ex7a,30,Eb,Bb,Eb,,,,,Eb_M
ex7a,31,Eb,E,G,Eb,,,,Eb_M
ex7a,32,Eb,E,Bb,Eb,,,,Eb_M
ex7a,33,C#,F,G,C#,,,,G_hd7
ex7a,34,C#,F,Bb,C#,,,,G_hd7
ex7a,35,C#,F,G,C#,,,,G_hd7
ex7a,36,C#,F,Bb,C#,,,,G_hd7
ex7a,37,C#,G,Bb,C#,,,,Eb_V
ex7a,38,C#,Eb,Bb,C#,,,,Eb_V
ex7a,39,C#,G,Bb,C#,,,,Eb_V
ex7a,40,C,C#,Eb,C#,,,,Eb_V
ex7a,41,C#,Eb,C#,,,,,Ab_M
ex7a,42,C,Eb,Ab,C,,,,Ab_M
ex7a,43,C,Eb,C,,,,,Ab_M
ex7a,44,C,Eb,Ab,C,,,,Ab_M
ex7a,45,C,Eb,C,,,,,Ab_M
ex7a,46,Eb,F,A,F,,,,F_V
ex7a,47,C,F,A,F,,,,F_V
ex7a,48,Eb,F,A,F,,,,F_V
ex7a,49,C,F,A,F,,,,F_V
ex7a,50,C#,F,Bb,Bb,,,,Bb_m
ex7a,51,C#,Bb,Bb,,,,,Bb_m
ex7a,52,C#,F,Bb,Bb,,,,Bb_m
ex7a,53,C#,Bb,Bb,,,,,Bb_m
ex7a,54,C,C#,Eb,Eb,,,,Eb_V
ex7a,55,C#,Eb,Bb,Eb,,,,Eb_V
ex7a,56,C#,Eb,Ab,Eb,,,,Eb_V
ex7a,57,C#,Eb,G,Eb,,,,Eb_V
ex7a,58,C#,G,Ab,Bb,Ab,,,Ab_M
ex7a,59,Eb,G,Ab,Bb,Ab,,,Ab_M
ex7a,60,C#,G,Ab,Bb,Ab,,,Ab_M
ex7a,61,Eb,G,Ab,Bb,Ab,,,Ab_M
ex7a,62,C,Ab,Ab,,,,,Ab_M
ex7a,63,Eb,Ab,Ab,,,,,Ab_M
ex7a,64,Ab,Ab,,,,,,Ab_M
ex9a,1,E,A,A,,,,,A_m
ex9a,2,A,A,,,,,,A_m
ex9a,3,C,A,A,,,,,A_m
ex9a,4,E,A,A,,,,,A_m
ex9a,5,A,A,,,,,,A_m
ex9a,6,C,A,A,,,,,A_m
ex9a,7,E,A,A,,,,,A_m
ex9a,8,C,A,A,,,,,A_m
ex9a,9,A,A,,,,,,A_m
ex9a,10,E,B,B,,,,,E_M
ex9a,11,B,B,,,,,,E_M
ex9a,12,Ab,B,B,,,,,E_M
ex9a,13,E,B,B,,,,,E_M
ex9a,14,B,B,,,,,,E_M
ex9a,15,Ab,B,B,,,,,E_M
ex9a,16,E,B,B,,,,,E_M
ex9a,17,Ab,B,B,,,,,E_M
ex9a,18,B,B,,,,,,E_M
ex9a,19,C,E,C,,,,,A_m
ex9a,20,C,A,C,,,,,A_m
ex9a,21,C,C,,,,,,A_m
ex9a,22,C,E,C,,,,,A_m
ex9a,23,C,A,C,,,,,A_m
ex9a,24,C,C,,,,,,A_m
ex9a,25,C,E,C,,,,,A_m
ex9a,26,C,C,,,,,,A_m
ex9a,27,C,A,C,,,,,A_m
ex9a,28,D,E,D,,,,,E_V
ex9a,29,D,B,D,,,,,E_V
ex9a,30,D,Ab,D,,,,,E_V
ex9a,31,D,E,D,,,,,E_V
ex9a,32,D,B,D,,,,,E_V
ex9a,33,D,Ab,D,,,,,E_V
ex9a,34,D,E,D,,,,,E_V
ex9a,35,D,Ab,D,,,,,E_V
ex9a,36,D,B,D,,,,,E_V
ex9a,37,C,E,C,,,,,A_m
ex9a,38,C,A,C,,,,,A_m
ex9a,39,C,C,,,,,,A_m
ex9a,40,C,E,C,,,,,A_m
ex9a,41,C,A,C,,,,,A_m
ex9a,42,C,C,,,,,,A_m
ex9a,43,C,E,C,,,,,A_m
ex9a,44,C,C,,,,,,A_m
ex9a,45,C,A,C,,,,,A_m
ex9a,46,D,E,D,,,,,B_d
ex9a,47,C,D,D,,,,,B_d
ex9a,48,D,F,D,,,,,B_d
ex9a,49,D,D,,,,,,B_d
ex9a,50,D,B,D,,,,,B_d
ex9a,51,D,F,D,,,,,B_d
ex9a,52,D,D,,,,,,B_d
ex9a,53,D,B,D,,,,,B_d
ex9a,54,D,F,D,,,,,B_d
ex9a,55,D,E,E,,,,,E_M
ex9a,56,E,B,E,,,,,E_M
ex9a,57,E,E,,,,,,E_M
ex9a,58,C,C,,,,,,A_m
ex9a,59,A,A,,,,,,A_m
ex9a,60,E,E,,,,,,A_m
ex9a,61,E,B,E,,,,,E_V
ex9a,62,E,Ab,E,,,,,E_V
ex9a,63,D,E,E,,,,,E_V
ex9a,64,C,A,A,,,,,A_m
ex9a,65,A,A,,,,,,A_m
ex9a,66,G,G,,,,,,A_m
